id,Background Category,Background Description,Background Reference Image,Camouflaged Object Super-category,Camouflaged Object Sub-category,Camouflaged Object Description,Camouflaged Object Reference Image,Prompt,Instruction
1,High-Frequency Texture,A dense tropical rainforest floor with ferns.,001_high_frequency_texture.png,Textual Elements,Single Character,the character T,001_textual_elements_single_character_t.png,"A dense tropical rainforest floor, where the lush ferns and tangled vines subtly form the shape of the letter 'T' through the interplay of light, shadows, and the arrangement of foliage.","Subtly rearrange the ferns and their shadows on the rainforest floor to form the faint silhouette of the letter T, using the existing patterns and textures."
2,Structured Texture,Glass facade of a modern skyscraper.,033_structured_texture.png,Textual Elements,Single Character,the character T,001_textual_elements_single_character_t.png,"The sleek glass facade of a modern skyscraper, where reflections and the arrangement of windows subtly form the shape of the letter 'T' through the interplay of light and shadow.",Modify the grid lines of the windows to subtly form a geometric pattern that faintly resembles the character T.
3,Directional Texture,Van Gogh style Starry Night painting.,065_directional_texture.png,Textual Elements,Single Character,the character T,001_textual_elements_single_character_t.png,"A Van Gogh style oil painting of a starry night, where the swirling blue and yellow brushstrokes and the dynamic curves of the sky subtly form the shape of the character 'T' in the flowing stars and swirling patterns.","Subtly bend the swirling lines of the night sky and the flow of the stars to faintly form the shape of the letter T, ensuring the pattern remains consistent with the existing strokes and brushwork."
4,Low-Frequency Smooth Texture,Smooth abstract beige curves with soft shadows.,097_low_frequency_smooth_texture.png,Textual Elements,Single Character,the character T,001_textual_elements_single_character_t.png,"Smooth abstract beige curves with soft shadows, where the gentle flow of the curves and interplay of light and dark subtly form the shape of the letter 'T' in the negative space.",Subtly adjust the soft shadows and curves in the beige abstract pattern to form a faint and barely visible outline of the letter T.
5,High-Frequency Texture,Scattered red and yellow maple leaves on grass.,002_high_frequency_texture.png,Textual Elements,Single Character,the character X,002_textual_elements_single_character_x.png,"Scattered red and yellow maple leaves on a bed of grass, where the placement of the leaves and their overlapping patterns subtly form the hidden silhouette of the character X, emerging from the interplay of color and negative space.",Subtly rearrange the scattered leaves and their shadows to faintly form the shape of the letter X without introducing any new elements.
6,Structured Texture,Straight highway stretching to the horizon.,034_structured_texture.png,Textual Elements,Single Character,the character X,002_textual_elements_single_character_x.png,"A straight highway stretching to the horizon, where the fading road markings and subtle shifts in the asphalt texture create a subliminal illusion of the character X in the distance, formed by the negative space and vanishing perspective.","Modify the road markings and the alignment of the lanes to subtly form the shape of the character X, blending it seamlessly with the existing texture of the highway."
7,Directional Texture,Traditional Chinese ink wash mountains.,066_directional_texture.png,Textual Elements,Single Character,the character X,002_textual_elements_single_character_x.png,"A traditional Chinese ink wash painting of majestic mountains, where the sweeping brushstrokes and misty valleys subtly form the delicate, abstract silhouette of the character X, emerging from the interplay of dark ink and soft gradients of gray.","Alter the flow and direction of the ink washes in the mountains to subtly suggest the shape of the character X, blending it seamlessly with the natural contours of the landscape."
8,Low-Frequency Smooth Texture,Pristine white snowfield with gentle slopes.,098_low_frequency_smooth_texture.png,Textual Elements,Single Character,the character X,002_textual_elements_single_character_x.png,"A pristine white snowfield with gentle slopes, where the subtle interplay of snow drifts and shadows casts a faint, illusionary silhouette resembling the character X.","Subtly adjust the natural shading and gentle slope gradients of the snowfield to faintly suggest the diagonal strokes of the character X, using barely perceptible light and shadow variations without adding any new elements."
9,High-Frequency Texture,A pile of fresh colorful fruits at a market.,003_high_frequency_texture.png,Textual Elements,Single Character,the character S,003_textual_elements_single_character_s.png,"A vibrant pile of fresh, colorful fruits at a bustling market, where the arrangement of apples, oranges, and bananas subtly forms the shape of the letter 'S' through negative space and the flow of textures and shadows.","Subtly rearrange the fruits and their textures to faintly form the shape of the letter S, using the natural contours and shadows without introducing new elements."
10,Structured Texture,Library shelves filled with books.,035_structured_texture.png,Textual Elements,Single Character,the character S,003_textual_elements_single_character_s.png,"A library filled with shelves stacked high with books, where the arrangement of book spines and the subtle play of shadows between them form a faint, emergent silhouette of the character 'S'.","Modify the alignment and spacing of the book spines on the shelves to subtly curve the grid pattern, faintly suggesting the shape of the letter S using only the existing rows, vertical lines, and shadows of the books."
11,Directional Texture,Cyberpunk street with neon rain.,067_directional_texture.png,Textual Elements,Single Character,the character S,003_textual_elements_single_character_s.png,"A neon-lit cyberpunk street drenched in rain, where the reflections on the wet pavement and the glowing signs subtly align, casting a faint, illusionary silhouette of the character 'S' within the illuminated droplets and shadows.","Alter the flow of the neon reflections and rain streaks to subtly form the shape of the character S, blending seamlessly into the scene."
12,Low-Frequency Smooth Texture,Calm lake with subtle water ripples.,099_low_frequency_smooth_texture.png,Textual Elements,Single Character,the character S,003_textual_elements_single_character_s.png,"A calm lake with subtle water ripples, where the gentle undulations of the surface and the play of light on the water create an emergent, subliminal shape resembling the letter 'S' in the reflections and ripples.",Subtly adjust the water ripples and reflections to faintly form the shape of the character S without altering the overall peaceful appearance of the lake.
13,High-Frequency Texture,Underwater coral reef with schools of fish.,004_high_frequency_texture.png,Textual Elements,Single Character,the character 2,004_textual_elements_single_character_2.png,"An underwater coral reef teeming with vibrant corals and schools of fish, where the arrangement of fish and the interplay of light through the water subtly form the faint silhouette of the number '2' among the coral and aquatic life.",Subtly rearrange the scattered fish and coral patterns to faintly form the shape of the character '2' without adding new elements.
14,Structured Texture,Electronic circuit board with golden traces.,036_structured_texture.png,Textual Elements,Single Character,the character 2,004_textual_elements_single_character_2.png,"An intricate electronic circuit board with golden traces, where the arrangement of lines and connections subtly forms the faint, emergent shape of the number '2' within the pattern of circuitry.","Modify the grid of the golden traces to subtly form the shape of the number 2, keeping the pattern integrated into the existing circuitry without adding new elements."
15,Directional Texture,Colorful abstract watercolor painting.,068_directional_texture.png,Textual Elements,Single Character,the character 2,004_textual_elements_single_character_2.png,"A colorful abstract watercolor painting where the fluid brushstrokes and blending colors subtly arrange themselves to form the faint, emergent shape of the number '2'.",Alter the flow of the watercolor strokes and their blending to subtly suggest the shape of the number '2' without disrupting the overall abstract pattern.
16,Low-Frequency Smooth Texture,Blue sky with soft shapeless clouds.,100_low_frequency_smooth_texture.png,Textual Elements,Single Character,the character 2,004_textual_elements_single_character_2.png,"A vast blue sky dotted with soft, shapeless clouds, where the subtle arrangement of light and shadow in the clouds creates a faint, emergent shape resembling the number '2'.","Subtly adjust the shading and softness of the existing clouds so their faint highlights and shadows barely suggest the curved outline of the character 2, disguised within the natural cloud forms without adding new elements."
17,High-Frequency Texture,A field of blooming colorful wildflowers.,005_high_frequency_texture.png,Textual Elements,Single Character,the character A,005_textual_elements_single_character_a.png,"A vibrant field of blooming colorful wildflowers, where the arrangement of petals, stems, and leaves subtly aligns to form the emergent, hidden shape of the character 'A' in the pattern of the flowers and their shadows.","Subtly rearrange the petals and stems of the wildflowers to create a barely visible pattern that resembles the character A, without adding new elements."
18,Structured Texture,Striped shadows from window blinds.,037_structured_texture.png,Textual Elements,Single Character,the character A,005_textual_elements_single_character_a.png,"Striped shadows cast by window blinds, where the interplay of light and dark lines subtly arranges themselves into a faint, emerging silhouette of the character 'A'.","Modify the alignment and spacing of the window blind stripes to subtly form the shape of the letter A, blending seamlessly with the existing shadow pattern."
19,Directional Texture,Colorful ink smoke in water.,069_directional_texture.png,Textual Elements,Single Character,the character A,005_textual_elements_single_character_a.png,"A vibrant display of colorful ink swirling through water, where the fluid movement and interplay of colors subtly converge, forming a hidden, emergent silhouette of the letter 'A' within the swirling patterns.","Alter the flow of the ink smoke and its directional patterns to subtly form the shape of the letter A, blending it naturally with the existing swirls."
20,Low-Frequency Smooth Texture,Soft diffuse shadows on a curved white wall.,101_low_frequency_smooth_texture.png,Textual Elements,Single Character,the character A,005_textual_elements_single_character_a.png,"Soft diffuse shadows gently play across a curved white wall, where the subtle interplay of light and shadow forms an emergent, subliminal shape resembling the character 'A'.","Alter the existing soft shadows on the curved white wall by subtly adjusting their gradients and curvature so they faintly suggest the shape of the character A, using only barely perceptible shading variations without adding any new elements."
21,High-Frequency Texture,Rough riverbed covered with jagged rocks.,006_high_frequency_texture.png,Textual Elements,Single Character,the character P,006_textual_elements_single_character_p.png,"A rough riverbed covered with jagged rocks, where the arrangement of stones and the interplay of light and shadow subtly form the faint silhouette of the character 'P'.",Subtly rearrange the jagged rocks and their shadows to faintly form the shape of the letter P without adding new elements.
22,Structured Texture,Vertical bamboo forest stalks.,038_structured_texture.png,Textual Elements,Single Character,the character P,006_textual_elements_single_character_p.png,"A dense vertical bamboo forest, where the tall, slender bamboo stalks and their subtle interplay of light and shadow subtly form the outline of the letter P through the arrangement of gaps and textures.",Modify the alignment of the bamboo stalks and the shadows between them to subtly form the shape of the letter P without adding any new elements.
23,Directional Texture,Impasto oil painting of ocean waves.,070_directional_texture.png,Textual Elements,Single Character,the character P,006_textual_elements_single_character_p.png,"An impasto oil painting of ocean waves, where the thick, textured brushstrokes and the dynamic flow of the water subtly form the illusion of the letter 'P' within the swirling patterns of the surf.","Alter the flow and direction of the ocean waves to subtly create the shape of the character P, blending it seamlessly into the natural texture of the waves."
24,Low-Frequency Smooth Texture,Foggy lake with varying mist density.,102_low_frequency_smooth_texture.png,Textual Elements,Single Character,the character P,006_textual_elements_single_character_p.png,"A foggy lake with varying mist density, where the shifting patterns of mist and the subtle play of light and shadows create a faint, emergent silhouette of the letter 'P' in the distance, as if formed by the natural movement of the fog.","Subtly adjust the existing mist density and soft lighting over the lake to create barely perceptible shading variations that faintly suggest the silhouette of the character P, disguised within the natural fog gradients without adding new elements."
25,High-Frequency Texture,Old brick wall covered in graffiti.,007_high_frequency_texture.png,Textual Elements,Single Character,the character 8,007_textual_elements_single_character_8.png,"An old brick wall covered in layers of vibrant graffiti, where the arrangement of spray-painted colors, cracks, and shadows subtly forms the shape of the character '8', almost hidden within the chaotic design.","Subtly rearrange the cracks, paint drips, and rough textures in the brick wall to faintly form the shape of the character '8', without adding new elements."
26,Structured Texture,Warehouse shelves with stacked boxes.,039_structured_texture.png,Textual Elements,Single Character,the character 8,007_textual_elements_single_character_8.png,"A vast warehouse filled with shelves stacked high with cardboard boxes, where the arrangement of boxes and the play of light and shadow subtly forms the silhouette of the number 8 in the spaces between them.","Modify the arrangement of the stacked boxes and the grid pattern of the shelves to subtly form the shape of the character 8, using existing shadows and box alignments."
27,Directional Texture,Detailed pencil sketch of a clock.,071_directional_texture.png,Textual Elements,Single Character,the character 8,007_textual_elements_single_character_8.png,"A detailed pencil sketch of an intricate clock, where the arrangement of gears, hands, and the subtle shading of the clock face unintentionally forms the faint, emergent shape of the number '8' within the design.","Alter the flow of the pencil lines in the clock sketch to subtly suggest the shape of the number 8, blending it with the existing curves and contours of the clock design."
28,Low-Frequency Smooth Texture,Softly curved white paper sheet.,103_low_frequency_smooth_texture.png,Textual Elements,Single Character,the character 8,007_textual_elements_single_character_8.png,"A softly curved white paper sheet, where subtle creases and shadows gently converge, forming the faint and emergent silhouette of the number 8 in the folds and negative space.",Subtly adjust the folds and shadows of the white paper to form a barely visible impression of the character '8' without adding any new elements.
29,High-Frequency Texture,Raindrops splashing on a wet city street.,008_high_frequency_texture.png,Textual Elements,Single Character,the ampersand symbol (&),008_textual_elements_single_character_ampersand.png,"Raindrops splashing on a wet city street, where the reflections in the puddles and the patterns of water droplets create a subtle, emergent shape resembling the ampersand symbol (&).","Subtly rearrange the existing raindrop splashes, ripples, and reflective highlights on the wet street so their dense noise pattern faintly traces the curved shape of an ampersand (&), keeping it barely visible and disguised within the natural splash texture without adding new elements."
30,Structured Texture,Vertical columns inside a Gothic cathedral.,040_structured_texture.png,Textual Elements,Single Character,the ampersand symbol (&),008_textual_elements_single_character_ampersand.png,"Vertical columns inside a Gothic cathedral, where the intricate arches and the play of light and shadow subtly form the faint, emergent shape of an ampersand symbol (&) within the architecture.","Modify the alignment and patterns of the vertical columns to subtly form the shape of an ampersand symbol, using the existing architectural lines and shadows without adding new elements."
31,Directional Texture,Ukiyo-e style Great Wave.,072_directional_texture.png,Textual Elements,Single Character,the ampersand symbol (&),008_textual_elements_single_character_ampersand.png,"An Ukiyo-e style depiction of the Great Wave, where the intricate flow of water and curling foam subtly arrange themselves to form the fluid, emergent shape of an ampersand (&) symbol within the waves.","Alter the flow of the waves and the direction of the water to subtly form the shape of an ampersand symbol (&), blending it naturally with the existing patterns."
32,Low-Frequency Smooth Texture,Black smooth silk fabric with flowing folds.,104_low_frequency_smooth_texture.png,Textual Elements,Single Character,the ampersand symbol (&),008_textual_elements_single_character_ampersand.png,"A luxurious black smooth silk fabric with flowing folds, where the delicate play of light and shadow subtly arranges the creases and textures to form the faint, illusionary shape of an ampersand symbol (&).","Subtly alter the folds and shadows of the silk fabric to create a faint, barely visible impression of the ampersand symbol (&)."
33,High-Frequency Texture,A pile of rusty mechanical gears.,009_high_frequency_texture.png,Textual Elements,Short Word,the word AI,009_textual_elements_short_word_ai.png,"A cluttered pile of rusty mechanical gears, where the worn surfaces and jagged edges of the metal pieces subtly arrange themselves to form the faint, emergent outline of the word 'AI' in the shadows and reflections.",Subtly rearrange the rusty gears and metal debris to faintly form the letters A and I without adding new objects.
34,Structured Texture,Checkerboard marble floor pattern.,041_structured_texture.png,Textual Elements,Short Word,the word AI,009_textual_elements_short_word_ai.png,"A checkerboard marble floor pattern, where the arrangement of contrasting black and white tiles and subtle lighting cast shadows that suggest the faint, emergent outline of the word 'AI' in the space between the squares.","Alter the alignment of the checkerboard pattern to subtly form the letters 'A' and 'I' within the existing grid, without adding new elements."
35,Directional Texture,Fluid marble texture with gold veins.,073_directional_texture.png,Textual Elements,Short Word,the word AI,009_textual_elements_short_word_ai.png,"A fluid marble texture with intricate gold veins, where the swirling patterns of the stone and the reflective gold elements subtly align to form the faint, subliminal outline of the word 'AI'.","Subtly bend and redirect the flow of the existing gold veins and marble swirls so their natural directional lines faintly suggest the letters A and I, disguising the word within the fluid motion without adding any new elements."
36,Low-Frequency Smooth Texture,Infinity pool with gentle water movement.,105_low_frequency_smooth_texture.png,Textual Elements,Short Word,the word AI,009_textual_elements_short_word_ai.png,"An infinity pool with gentle water movement, where the ripples and reflections of light subtly arrange themselves to form the faint, emergent shape of the word 'AI' on the water's surface.","Subtly alter the smooth water surface to create faint shading and ripples that suggest the shape of the letters A and I, blending seamlessly with the existing water texture."
37,High-Frequency Texture,Scattered wheat stalks on a harvested field.,010_high_frequency_texture.png,Textual Elements,Short Word,the word CAT,010_textual_elements_short_word_cat.png,"A vast harvested field with scattered wheat stalks, where the arrangement of the dry, golden stalks and the subtle play of shadows between them inadvertently form the faint, subliminal shape of the word 'CAT' in the pattern of the field.",Subtly rearrange the scattered wheat stalks and their shadows to faintly form the letters of the word 'CAT' without adding new elements.
38,Structured Texture,Steel cables of a suspension bridge.,042_structured_texture.png,Textual Elements,Short Word,the word CAT,010_textual_elements_short_word_cat.png,"Steel cables of a suspension bridge, where the intricate network of wires and shadows subtly intertwine to form the faint, emergent shape of the word 'CAT' within the structure.","Subtly adjust the alignment, spacing, and tension of the existing steel cables so their structured lines faintly spell the word CAT, disguising the letters within the bridge’s natural cable grid without adding new elements."
39,Directional Texture,Coffee latte art foam pattern.,074_directional_texture.png,Textual Elements,Short Word,the word CAT,010_textual_elements_short_word_cat.png,"A coffee latte art foam pattern, where the swirling milk and intricate foam designs subtly form the faint, illusionary shape of the word 'CAT' through the interplay of light and texture.","Alter the swirls and curves of the latte art foam to subtly form the faint, directional pattern of the word 'CAT'."
40,Low-Frequency Smooth Texture,Pink and orange sunset gradient sky.,106_low_frequency_smooth_texture.png,Textual Elements,Short Word,the word CAT,010_textual_elements_short_word_cat.png,"A pink and orange sunset gradient sky, where the shifting clouds and subtle play of light and color form a faint, subliminal outline of the word 'CAT' as if whispered in the sky by the changing hues.","Modify the existing pink and orange gradient by introducing very subtle, barely perceptible shifts in brightness and color temperature so the smooth transitions faintly spell out the word CAT, disguised entirely within the natural flow of the sunset sky without adding any new elements."
41,High-Frequency Texture,Fireworks exploding in the night sky.,011_high_frequency_texture.png,Textual Elements,Short Word,the word DOG,011_textual_elements_short_word_dog.png,"A dazzling display of fireworks lighting up the night sky, where the bursts of color and the trails of light subtly arrange themselves into the faint, ephemeral outline of the word 'DOG' in the sky.","Subtly reorganize the bursts of light and sparks in the fireworks to form the faint, abstract shape of the word DOG, using the existing explosions and trails without introducing new elements."
42,Structured Texture,Arrays of solar panels.,043_structured_texture.png,Textual Elements,Short Word,the word DOG,011_textual_elements_short_word_dog.png,"A vast array of solar panels stretching across the landscape, where the arrangement of reflective surfaces and the play of light and shadow subtly forms the emergent silhouette of the word 'DOG'.",Modify the alignment of the solar panel arrays and their reflections to subtly create a pattern that suggests the word 'DOG' without any visible distortion.
43,Directional Texture,Green aurora lights in the sky.,075_directional_texture.png,Textual Elements,Short Word,the word DOG,011_textual_elements_short_word_dog.png,"A sky illuminated by green aurora lights, where the flowing ribbons of light and shadow subtly twist and shift, creating a faint, subliminal illusion of the word DOG in the undulating pattern.",Bend the flow of the green aurora lights to subtly form the word 'DOG' using the natural curves and directional shifts in the light patterns.
44,Low-Frequency Smooth Texture,Swirling dense gray fog.,107_low_frequency_smooth_texture.png,Textual Elements,Short Word,the word DOG,011_textual_elements_short_word_dog.png,"A swirling dense gray fog, where the ethereal patterns of mist and shifting shadows subtly arrange themselves to form the faint, subliminal outline of the word DOG.","Subtly alter the fog’s density and soft lighting gradients to faintly shape the letters D-O-G, using only gentle variations in the existing smooth fog so the word is barely visible and disguised within the swirling mist."
45,High-Frequency Texture,A bowl of ramen with chopped green onions.,012_high_frequency_texture.png,Textual Elements,Short Word,the word SKY,012_textual_elements_short_word_sky.png,"A bowl of ramen with delicate strands of noodles and scattered chopped green onions, where the arrangement of the toppings and the subtle interplay of shadows and light within the bowl form the faint, subliminal shape of the word 'SKY'.",Subtly rearrange the chopped green onions and the texture of the ramen noodles to form the faint outline of the word 'SKY' without adding any new elements.
46,Structured Texture,Round keys of a vintage typewriter.,044_structured_texture.png,Textual Elements,Short Word,the word SKY,012_textual_elements_short_word_sky.png,"A close-up of the round keys of a vintage typewriter, where the arrangement of the keys, their worn textures, and the subtle reflections create a subliminal illusion of the word 'SKY' emerging in negative space.",Modify the alignment of the typewriter keys and the spacing between them to subtly form the word 'SKY' using the existing circular patterns and grid structure.
47,Directional Texture,Lava lamp wax bubbles.,076_directional_texture.png,Textual Elements,Short Word,the word SKY,012_textual_elements_short_word_sky.png,"A close-up of colorful lava lamp wax bubbles, where the fluid motion and overlapping shapes of the wax subtly form the letters of the word 'SKY' in a glowing, hypnotic arrangement.","Bend the flow and alignment of the lava wax bubbles so that the movement and pattern subtly hint at the word 'SKY', with the shapes and shadows forming the letters in a barely visible manner."
48,Low-Frequency Smooth Texture,Smooth concrete wall with soft spotlight.,108_low_frequency_smooth_texture.png,Textual Elements,Short Word,the word SKY,012_textual_elements_short_word_sky.png,"A smooth concrete wall illuminated by a soft spotlight, where the interplay of light and subtle texture creates a faint, emergent illusion of the word 'SKY' subtly formed in the shadows and surface details.","Subtly adjust the lighting and shading on the smooth concrete wall to form the faintest impression of the word 'SKY', blending it with the natural texture of the surface."
49,High-Frequency Texture,Old stone wall covered in climbing ivy.,013_high_frequency_texture.png,Textual Elements,Short Word,the word DREAM,013_textual_elements_short_word_dream.png,"An ancient stone wall draped with climbing ivy, where the intertwining vines and the play of light and shadow subtly form the faint, subliminal outline of the word 'DREAM' across the surface.","Subtly rearrange the ivy leaves and cracks in the stone to faintly form the word 'DREAM', blending it seamlessly with the natural texture of the wall."
50,Structured Texture,Aerial view of a city grid.,045_structured_texture.png,Textual Elements,Short Word,the word DREAM,013_textual_elements_short_word_dream.png,"An aerial view of a city grid, where the arrangement of streets, intersections, and buildings subtly forms the illusion of the word 'DREAM' through the negative space and the patterns of shadows cast by the structures.","Modify the grid lines of the city streets to subtly form the word 'DREAM', using the alignment and intersections of the roads to create a barely visible typographic illusion."
51,Directional Texture,Reflection in a shattered mirror.,077_directional_texture.png,Textual Elements,Short Word,the word DREAM,013_textual_elements_short_word_dream.png,"A shattered mirror reflecting a fractured, distorted world, where the jagged edges and reflections subtly align to form the faint, emergent word 'DREAM' within the cracks and broken pieces.","Alter the fractures and light reflections in the shattered mirror to subtly bend and rearrange the shards, forming a faint, subliminal representation of the word 'DREAM'."
52,Low-Frequency Smooth Texture,A large pool of white milk with gentle waves.,109_low_frequency_smooth_texture.png,Textual Elements,Short Word,the word DREAM,013_textual_elements_short_word_dream.png,"A large pool of white milk with gentle waves, where the subtle undulations of the liquid and the play of light and shadows create a faint, illusionary outline of the word 'DREAM' in the surface of the milk.","Subtly alter the lighting and gentle shading within the existing milk waves so that the highlights and shadows faintly align to form the word 'DREAM,' barely visible and disguised as natural variations on the smooth surface."
53,High-Frequency Texture,Turbulent ocean waves with white foam.,014_high_frequency_texture.png,Textual Elements,Short Word,the word MAGIC,014_textual_elements_short_word_magic.png,"Turbulent ocean waves crashing with white foam, where the swirling water patterns and foam formations subtly align to spell out the word 'MAGIC' in an abstract, emergent illusion.","Subtly rearrange the existing white foam patterns and turbulent wave textures so the high-frequency spray and highlights faintly align to spell the word MAGIC, disguised within the natural chaos of the ocean without adding any new elements."
54,Structured Texture,Japanese Tatami room with Shoji doors.,046_structured_texture.png,Textual Elements,Short Word,the word MAGIC,014_textual_elements_short_word_magic.png,"A traditional Japanese Tatami room with Shoji doors, where the soft light filtering through the rice paper panels and the intricate patterns of the Tatami mats subtly form the illusion of the word 'MAGIC' in the play of shadows and negative space.",Modify the grid of the Shoji doors to subtly align the wooden slats and shadows in such a way that they faintly form the word 'MAGIC' without introducing any new elements.
55,Directional Texture,Low poly 3D landscape.,078_directional_texture.png,Textual Elements,Short Word,the word MAGIC,014_textual_elements_short_word_magic.png,"A low poly 3D landscape with sharp geometric mountains, rolling hills, and polygonal trees, where the arrangement of terrain and shadows subtly suggests the word 'MAGIC' in the negative space between the elements.",Alter the flow of the terrain and directional lines in the low poly landscape to subtly form the word 'MAGIC' without adding new elements.
56,Low-Frequency Smooth Texture,Snow-covered smooth rolling roof.,110_low_frequency_smooth_texture.png,Textual Elements,Short Word,the word MAGIC,014_textual_elements_short_word_magic.png,"A snow-covered smooth rolling roof, where the gentle curves and intricate patterns of the snow's drift subtly form the faint and mysterious outline of the word 'MAGIC' in the negative space and the soft play of light and shadow.",Subtly adjust the shading and lighting on the snow-covered roof to form a barely visible outline of the word 'MAGIC'.
57,High-Frequency Texture,Green plant cells under a microscope.,015_high_frequency_texture.png,Textual Elements,Short Word,the word NATURE,015_textual_elements_short_word_nature.png,"A detailed view of green plant cells under a microscope, where the intricate patterns of cell walls and chloroplasts subtly form the illusion of the word 'NATURE' through their arrangement and the play of light and shadow.","Subtly rearrange the microscopic cell textures, grain, and natural noise so the clustered patterns faintly spell out the word NATURE, using only the existing cellular structures without introducing any new elements."
58,Structured Texture,Server racks in a data center.,047_structured_texture.png,Textual Elements,Short Word,the word NATURE,015_textual_elements_short_word_nature.png,"A vast array of server racks in a high-tech data center, where the intricate patterns of cables, blinking lights, and metallic surfaces subtly align to form the faint, emergent word 'NATURE' through negative space and light reflections.",Modify the grid lines and cable arrangements in the server racks to subtly form the word 'NATURE' without adding new elements.
59,Directional Texture,Colorful stained glass light spots.,079_directional_texture.png,Textual Elements,Short Word,the word NATURE,015_textual_elements_short_word_nature.png,"A vibrant array of colorful stained glass light spots casting radiant patterns on the floor, where the interplay of colors and the shifting light subtly arranges itself to form the faint, emergent word 'NATURE' in the reflections.","Alter the flow of the light spots and their directional patterns to subtly form the word 'NATURE' within the stained glass design, without disrupting the overall texture."
60,Low-Frequency Smooth Texture,Smooth ceramic surface with soft diffuse light reflections.,111_low_frequency_smooth_texture.png,Textual Elements,Short Word,the word NATURE,015_textual_elements_short_word_nature.png,"A smooth ceramic surface bathed in soft, diffuse light reflections, where the subtle interplay of shadows and light gradients subtly forms the word 'NATURE' in an emergent, almost subliminal way, as if etched into the surface by the light itself.","Subtly adjust the smooth reflections on the ceramic surface to gently form the word 'NATURE' as a faint impression, blending it seamlessly with the existing lighting and texture."
61,High-Frequency Texture,A pile of colorful LEGO bricks.,016_high_frequency_texture.png,Textual Elements,Short Word,the word FUTURE,016_textual_elements_short_word_future.png,"A vibrant pile of colorful LEGO bricks, where the arrangement of blocks and the interplay of shadows subtly form the illusion of the word 'FUTURE' in a creative and abstract way.","Subtly rearrange the existing LEGO bricks, their colors, edges, and small gaps so that the cluttered texture faintly spells the word FUTURE when viewed as a whole, using only the current bricks and their shadows without adding new elements."
62,Structured Texture,Brick sidewalk with herringbone pattern.,048_structured_texture.png,Textual Elements,Short Word,the word FUTURE,016_textual_elements_short_word_future.png,"A brick sidewalk with a herringbone pattern, where the arrangement of bricks and subtle shadows in the joints forms a hidden, subliminal illusion of the word 'FUTURE' within the texture and negative space of the pavement.",Modify the alignment of the herringbone brick pattern to subtly form the letters of the word 'FUTURE' without altering the overall structure of the sidewalk.
63,Directional Texture,Silk fabric blowing in wind.,080_directional_texture.png,Textual Elements,Short Word,the word FUTURE,016_textual_elements_short_word_future.png,"Silk fabric billowing gently in the wind, where the flowing folds and shifting creases subtly arrange themselves to form the illusion of the word 'FUTURE' in the undulating texture of the fabric.",Alter the flow of the silk fabric and its folds to subtly form the word 'FUTURE' through the movement of the fabric and the play of shadows.
64,Low-Frequency Smooth Texture,Undulating smooth matte clay surface.,112_low_frequency_smooth_texture.png,Textual Elements,Short Word,the word FUTURE,016_textual_elements_short_word_future.png,"An undulating smooth matte clay surface, where the natural folds and subtle shadows subtly converge to form a subliminal illusion of the word 'FUTURE', as if shaped by the interplay of light and texture.","Subtly adjust the smooth matte clay surface to create faint, flowing grooves that suggest the word 'FUTURE' without explicitly forming the letters."
65,High-Frequency Texture,Pine forest in a heavy snowstorm.,017_high_frequency_texture.png,Textual Elements,Long Word,the word INTELLIGENCE,017_textual_elements_long_word_intelligence.png,"A pine forest in the midst of a heavy snowstorm, where the swirling snowflakes and dense trees, combined with the play of light and shadows, subtly form the illusion of the word 'INTELLIGENCE' in the spaces between the trunks and falling snow.",Subtly rearrange the snowflakes and branches in the pine forest to faintly form the letters of the word 'INTELLIGENCE' without adding any new elements.
66,Structured Texture,Construction scaffolding grid.,049_structured_texture.png,Textual Elements,Long Word,the word INTELLIGENCE,017_textual_elements_long_word_intelligence.png,"A complex construction scaffolding grid, where the intersecting metal beams and shadows subtly align to form the faint, emergent outline of the word 'INTELLIGENCE' in the negative space between the structures.",Modify the alignment and spacing of the scaffolding grid to subtly form the letters of the word 'INTELLIGENCE' within the existing structure.
67,Directional Texture,Abstract fractal geometric pattern.,081_directional_texture.png,Textual Elements,Long Word,the word INTELLIGENCE,017_textual_elements_long_word_intelligence.png,"An abstract fractal geometric pattern where the intricate shapes, flowing curves, and sharp angles subtly converge and interweave, creating a subliminal illusion of the word 'INTELLIGENCE' through the arrangement of colors and negative space.","Bend and distort the flow of the fractal lines and shapes to subtly suggest the word 'INTELLIGENCE' without any direct representation, making it appear as a faint, hidden pattern within the existing structure."
68,Low-Frequency Smooth Texture,Polished concrete floor with blurred reflections.,113_low_frequency_smooth_texture.png,Textual Elements,Long Word,the word INTELLIGENCE,017_textual_elements_long_word_intelligence.png,"A polished concrete floor with blurred reflections, where the subtle interplay of light and shadow across the surface gradually forms the faint, emergent outline of the word 'INTELLIGENCE', as if subtly embedded within the reflections themselves.","Subtly adjust the lighting and shading of the polished concrete floor to create a faint, barely visible impression of the word 'INTELLIGENCE' hidden within the reflections and smooth surfaces."
69,High-Frequency Texture,A close-up pile of dark coffee beans.,018_high_frequency_texture.png,Textual Elements,Long Word,the word SUSTAINABILITY,018_textual_elements_long_word_sustainability.png,"A close-up pile of dark coffee beans, where the arrangement of beans, light reflections, and subtle gaps between them form a faint, emergent pattern that subtly spells out the word 'SUSTAINABILITY' in negative space.",Subtly rearrange the dark coffee beans and their shadows to form the faint outline of the word 'SUSTAINABILITY' without introducing any new elements.
70,Structured Texture,Metal pipes of a church organ.,050_structured_texture.png,Textual Elements,Long Word,the word SUSTAINABILITY,018_textual_elements_long_word_sustainability.png,"A set of metal pipes from a grand church organ, where the arrangement of the pipes, their varying lengths, and the interplay of light and shadow subtly form the faint, emergent outline of the word 'SUSTAINABILITY' across the scene.",Alter the alignment and pattern of the metal pipes to subtly form the letters of the word 'SUSTAINABILITY' without introducing new elements.
71,Directional Texture,Thermal camera view of a city.,082_directional_texture.png,Textual Elements,Long Word,the word SUSTAINABILITY,018_textual_elements_long_word_sustainability.png,"A thermal camera view of a bustling city at night, where the varying heat patterns of buildings, roads, and vehicles subtly create a glowing, abstract arrangement that forms the faint, subliminal outline of the word 'SUSTAINABILITY' in the interplay of color and temperature gradients.",Alter the flow of heat patterns in the cityscape and the directional shadows to subtly form the word 'SUSTAINABILITY' without disrupting the natural appearance of the thermal view.
72,Low-Frequency Smooth Texture,White plaster sphere with soft shading.,114_low_frequency_smooth_texture.png,Textual Elements,Long Word,the word SUSTAINABILITY,018_textual_elements_long_word_sustainability.png,"A smooth white plaster sphere with soft, subtle shading, where the interplay of light and shadow creates an emerging, subliminal arrangement of the letters forming the word 'SUSTAINABILITY' within the contours of the surface.","Alter the soft shading and subtle gradients on the white plaster sphere to subtly form the faint outline of the word 'SUSTAINABILITY', blending it seamlessly with the existing surface texture."
73,High-Frequency Texture,A crowded music festival audience.,019_high_frequency_texture.png,Textual Elements,Long Word,the word CRYPTOCURRENCY,019_textual_elements_long_word_cryptocurrency.png,"A crowded music festival audience, where the vibrant colors of neon lights, glowing festival signs, and the intricate patterns of people’s clothing subtly form the shape of the word 'CRYPTOCURRENCY' in the gaps and silhouettes of the crowd, almost imperceptible yet distinctly emerging in the chaotic sea of energy and movement.","Subtly rearrange the crowd and light patterns to form the faint, barely visible outline of the word 'CRYPTOCURRENCY' within the scene, using the existing clothing, shadows, and crowd movement."
74,Structured Texture,Top-down view of a spiral staircase.,051_structured_texture.png,Textual Elements,Long Word,the word CRYPTOCURRENCY,019_textual_elements_long_word_cryptocurrency.png,"A top-down view of a spiral staircase, where the shadows and the curvature of the steps subtly arrange themselves in a pattern that evokes the word 'CRYPTOCURRENCY' through the negative space and intricate details of the railing and treads.","Modify the alignment of the staircase's steps and railings to subtly form the letters of the word 'CRYPTOCURRENCY' within the spiral pattern, ensuring the text remains barely visible and integrated into the existing structure."
75,Directional Texture,Vaporwave sunset with grid.,083_directional_texture.png,Textual Elements,Long Word,the word CRYPTOCURRENCY,019_textual_elements_long_word_cryptocurrency.png,"A vaporwave sunset with a retro grid stretching into the horizon, where the gradient of neon colors and the arrangement of geometric lines subtly form a subliminal illusion of the word 'CRYPTOCURRENCY' in the sky and on the grid's surface, blending seamlessly into the vibrant, nostalgic atmosphere.","Bend the flow of the grid lines and the gradients of the sunset to subtly form the letters of the word 'CRYPTOCURRENCY', barely visible within the overall pattern."
76,Low-Frequency Smooth Texture,Abstract green bokeh background.,115_low_frequency_smooth_texture.png,Textual Elements,Long Word,the word CRYPTOCURRENCY,019_textual_elements_long_word_cryptocurrency.png,"An abstract green bokeh background, where the soft, blurred circles of light and shadow subtly form the fragmented, emergent shapes of the word 'CRYPTOCURRENCY' through patterns of negative space and varying light intensity.","Subtly adjust the smooth transitions in the green bokeh background, using shading and light gradients, to faintly form the word 'CRYPTOCURRENCY' without disrupting the overall abstract feel."
77,High-Frequency Texture,Messy stacks of old books and papers.,020_high_frequency_texture.png,Textual Elements,Long Word,the word CONGRATULATIONS,020_textual_elements_long_word_congratulations.png,"A chaotic arrangement of old books and scattered papers, where the overlapping text and worn edges subtly align to form the faint, subliminal shape of the word 'CONGRATULATIONS' through the interplay of shadows and page textures.",Subtly rearrange the disordered papers and book spines to faintly form the word 'CONGRATULATIONS' using the textures and shadows without adding new objects.
78,Structured Texture,Industrial pipelines in a factory.,052_structured_texture.png,Textual Elements,Long Word,the word CONGRATULATIONS,020_textual_elements_long_word_congratulations.png,"A complex network of industrial pipelines within a factory, where the arrangement of metallic tubes and their shadows subtly align to form the faint, emergent shape of the word 'CONGRATULATIONS'.",Modify the alignment of the industrial pipelines and valves to subtly form the letters of the word 'CONGRATULATIONS' without adding any new objects or disrupting the overall structure.
79,Directional Texture,Rough charcoal portrait sketch.,084_directional_texture.png,Textual Elements,Long Word,the word CONGRATULATIONS,020_textual_elements_long_word_congratulations.png,"A rough charcoal portrait sketch, where the smudges and shading subtly align to form the faint, emergent shape of the word 'CONGRATULATIONS' within the contours of the face and background.","Alter the shading and directional strokes of the charcoal sketch to subtly form the word 'CONGRATULATIONS', blending it seamlessly with the existing lines and texture."
80,Low-Frequency Smooth Texture,Soft melting candle wax flow.,116_low_frequency_smooth_texture.png,Textual Elements,Long Word,the word CONGRATULATIONS,020_textual_elements_long_word_congratulations.png,"Soft melting candle wax slowly flowing, with the fluid patterns and drips of wax subtly arranging themselves in a way that suggests the faint, subliminal shape of the word 'CONGRATULATIONS' formed by the natural curves and folds of the wax.",Subtly alter the smooth wax flow and its subtle shading to form the faint outline of the word 'CONGRATULATIONS' without introducing any new elements.
81,High-Frequency Texture,Dry cracked earth texture.,021_high_frequency_texture.png,Textual Elements,Long Word,the word REVOLUTIONARY,021_textual_elements_long_word_revolutionary.png,"A vast expanse of dry, cracked earth, where the fissures and jagged textures subtly arrange themselves in a pattern that suggests the word 'REVOLUTIONARY', emerging through the interplay of light and shadow across the cracked surface.",Subtly reorganize the cracks and rough textures in the dry earth to faintly form the word 'REVOLUTIONARY' without adding new elements.
82,Structured Texture,Chain-link fence texture.,053_structured_texture.png,Textual Elements,Long Word,the word REVOLUTIONARY,021_textual_elements_long_word_revolutionary.png,"A chain-link fence texture where the intersecting metal wires and the subtle play of light and shadow form the faint, emergent shape of the word 'REVOLUTIONARY', hidden within the grid of the fence.","Modify the alignment and spacing of the existing chain-link fence pattern so the intersecting wires and shadows subtly form the word REVOLUTIONARY, disguised within the grid structure without adding any new elements."
83,Directional Texture,Psychedelic kaleidoscope pattern.,085_directional_texture.png,Textual Elements,Long Word,the word REVOLUTIONARY,021_textual_elements_long_word_revolutionary.png,"A vibrant psychedelic kaleidoscope pattern, where the swirling, multicolored shapes and fractal designs subtly come together in a harmonious arrangement, forming the faint, subliminal illusion of the word 'REVOLUTIONARY' within the shifting patterns.","Subtly bend and reorient the existing radial flows and mirrored lines of the psychedelic kaleidoscope pattern so that their directional alignment faintly spells the word REVOLUTIONARY across the symmetry axes, disguised within the repeating geometry and without introducing any new shapes or colors."
84,Low-Frequency Smooth Texture,Curved white concrete architecture.,117_low_frequency_smooth_texture.png,Textual Elements,Long Word,the word REVOLUTIONARY,021_textual_elements_long_word_revolutionary.png,"A series of smooth, curved white concrete architectural forms, where the interplay of light and shadow along the surfaces subtly arranges the contours and negative spaces to suggest the faint, emergent outline of the word 'REVOLUTIONARY'.","Subtly adjust the existing light gradients and shadow transitions along the curved white concrete surfaces so that the natural shading faintly and barely visibly forms the word ""REVOLUTIONARY,"" disguised as gentle variations in curvature and illumination rather than explicit lettering."
85,High-Frequency Texture,Aerial view of sheep on a grassland.,022_high_frequency_texture.png,Textual Elements,Long Word,the word ARCHITECTURAL,022_textual_elements_long_word_architectural.png,"An aerial view of a sprawling grassland dotted with scattered sheep, where the natural arrangement of the animals and the patterns of the grass subtly form the letters of the word 'ARCHITECTURAL' in a captivating, almost hidden pattern.",Subtly rearrange the pattern of the sheep and their shadows to faintly form the word 'ARCHITECTURAL' without adding any new elements.
86,Structured Texture,Traditional tiled roof rows.,054_structured_texture.png,Textual Elements,Long Word,the word ARCHITECTURAL,022_textual_elements_long_word_architectural.png,"Rows of traditional tiled roofs, where the intricate pattern of tiles and their subtle shadows arrange themselves to form the faint, emergent outline of the word 'ARCHITECTURAL' in the negative space between the rooftops.","Modify the alignment of the roof tiles to subtly form the letters of the word 'ARCHITECTURAL' within the existing pattern, ensuring it remains barely visible and integrated into the structure."
87,Directional Texture,Flowing liquid metal surface.,086_directional_texture.png,Textual Elements,Long Word,the word ARCHITECTURAL,022_textual_elements_long_word_architectural.png,"A flowing liquid metal surface, where the ripples and reflections subtly align to form the illusionary outline of the word 'ARCHITECTURAL' in the undulating waves of molten metal.",Bend the flow of the liquid metal and its reflective highlights to subtly form the word 'ARCHITECTURAL' without disrupting the natural fluidity of the surface.
88,Low-Frequency Smooth Texture,Soft beige matte silk fabric folds with gentle gradients.,118_low_frequency_smooth_texture.png,Textual Elements,Long Word,the word ARCHITECTURAL,022_textual_elements_long_word_architectural.png,"Soft beige matte silk fabric with gentle folds and subtle gradients, where the play of light and shadow across the delicate fabric creates a subliminal illusion of the word 'ARCHITECTURAL' through the soft curves and creases.",Subtly adjust the gentle gradients and folds of the silk fabric to create a barely visible impression of the word 'ARCHITECTURAL' without altering the natural flow or texture of the fabric.
89,High-Frequency Texture,Shattered colorful glass shards.,023_high_frequency_texture.png,Textual Elements,Long Word,the word PHOTOGRAPHY,023_textual_elements_long_word_photography.png,"A chaotic scattering of shattered colorful glass shards, where the reflective surfaces and fragmented edges subtly align to form the faint, illusionary outline of the word 'PHOTOGRAPHY' within the sparkling pieces.",Subtly rearrange the colorful glass shards and their reflections to faintly form the letters of the word 'PHOTOGRAPHY' without adding new elements.
90,Structured Texture,Geometric glass dome structure.,055_structured_texture.png,Textual Elements,Long Word,the word PHOTOGRAPHY,023_textual_elements_long_word_photography.png,"A geometric glass dome structure, with the intricate arrangement of translucent panels and reflections subtly aligning to form the illusion of the word 'PHOTOGRAPHY' within the shadows and light play across the surface.","Modify the grid lines of the glass panels to subtly form the word 'PHOTOGRAPHY' as a hidden pattern, using slight distortions in the alignment of the panels."
91,Directional Texture,8-bit pixel art landscape.,087_directional_texture.png,Textual Elements,Long Word,the word PHOTOGRAPHY,023_textual_elements_long_word_photography.png,"An 8-bit pixel art landscape, where the arrangement of trees, mountains, and clouds subtly forms the word 'PHOTOGRAPHY' through a clever interplay of pixel patterns and negative space.",Bend the pixelated lines and directional flow in the landscape to subtly form the word 'PHOTOGRAPHY' without altering the overall landscape composition.
92,Low-Frequency Smooth Texture,Smooth rolling hills covered in snow.,119_low_frequency_smooth_texture.png,Textual Elements,Long Word,the word PHOTOGRAPHY,023_textual_elements_long_word_photography.png,"Smooth rolling hills covered in snow, where the soft contours of the snowy landscape and the subtle play of light and shadow combine to form an emergent, subliminal arrangement resembling the word 'PHOTOGRAPHY' in the horizon and snowdrifts.","Subtly alter the smooth snow texture and its shading to discreetly form the faint outline of the word 'PHOTOGRAPHY', ensuring it blends seamlessly into the landscape."
93,High-Frequency Texture,Old TV static noise screen.,024_high_frequency_texture.png,Textual Elements,Long Word,the word PHILOSOPHY,024_textual_elements_long_word_philosophy.png,"An old TV static noise screen, where the grainy black-and-white interference and subtle patterns in the static unexpectedly coalesce to form the faint, emergent outline of the word 'PHILOSOPHY'.",Subtly rearrange the static noise and pixelated interference patterns to faintly form the word PHILOSOPHY without adding any new elements.
94,Structured Texture,Rows of purple lavender fields.,056_structured_texture.png,Textual Elements,Long Word,the word PHILOSOPHY,024_textual_elements_long_word_philosophy.png,"Rows of vibrant purple lavender fields stretching across the landscape, where the gentle curves of the flowers and the shifting patterns of light and shadow subtly arrange themselves to form the faint, emergent word 'PHILOSOPHY' in the horizon, almost imperceptible to the eye.",Modify the alignment of the lavender rows and their patterns to subtly create a subliminal impression of the word 'PHILOSOPHY' without adding any new elements.
95,Directional Texture,Impressionist sunrise painting.,088_directional_texture.png,Textual Elements,Long Word,the word PHILOSOPHY,024_textual_elements_long_word_philosophy.png,"An Impressionist-style painting of a serene sunrise, where the soft, blended hues of orange, pink, and lavender subtly converge in the light and brushstrokes to form an almost imperceptible, emergent silhouette of the word 'PHILOSOPHY' in the sky.","Alter the flow of the brushstrokes in the sky and clouds to subtly suggest the shape of the word PHILOSOPHY, using the directional texture without adding new elements."
96,Low-Frequency Smooth Texture,Soft white duvet with gentle flowing undulations.,120_low_frequency_smooth_texture.png,Textual Elements,Long Word,the word PHILOSOPHY,024_textual_elements_long_word_philosophy.png,"A soft white duvet with gentle flowing undulations, where the natural folds and creases of the fabric subtly form the faint, emergent outline of the word 'PHILOSOPHY' through the interplay of light, shadows, and texture.","Subtly adjust the soft folds and shading of the duvet to gently form the word 'PHILOSOPHY' in a barely visible manner, blending seamlessly with the texture."
97,High-Frequency Texture,Intricate Persian carpet pattern.,025_high_frequency_texture.png,Textual Elements,Non-Latin Character,the Chinese character 人,025_textual_elements_non_latin_character_char_cn_ren.png,"An intricate Persian carpet pattern, where the delicate weaving of geometric shapes and vibrant colors subtly aligns to form the faint, emergent shape of the Chinese character 人, almost hidden within the ornate design.","Subtly rearrange the intricate threads and motifs in the Persian carpet pattern to faintly form the shape of the Chinese character 人, blending it seamlessly into the existing design."
98,Structured Texture,Supermarket shelves with products.,057_structured_texture.png,Textual Elements,Non-Latin Character,the Chinese character 人,025_textual_elements_non_latin_character_char_cn_ren.png,"A supermarket shelf filled with a variety of products, where the arrangement of bottles, boxes, and cans subtly forms the shape of the Chinese character 人 through the negative space and the alignment of labels and shadows.",Modify the arrangement of the products and shelves' grid lines to subtly form the shape of the Chinese character 人 without adding new items.
99,Directional Texture,Long exposure traffic light trails.,089_directional_texture.png,Textual Elements,Non-Latin Character,the Chinese character 人,025_textual_elements_non_latin_character_char_cn_ren.png,"A long exposure photograph of traffic light trails at night, where the winding, vibrant streaks of red and white lights subtly form the faint, emergent shape of the Chinese character 人, with the movement and direction of the lights creating a fluid, almost imperceptible illusion of the character.","Subtly bend and adjust the flow of the existing long-exposure light trails so their directional curves and intersections faintly suggest the shape of the Chinese character 人, using only the current streaks and motion patterns without adding new light sources."
100,Low-Frequency Smooth Texture,Soft hazy smoke rising and swirling in dark background.,121_low_frequency_smooth_texture.png,Textual Elements,Non-Latin Character,the Chinese character 人,025_textual_elements_non_latin_character_char_cn_ren.png,"Soft, hazy smoke gently rising and swirling against a dark background, where the subtle wisps and flowing tendrils of smoke inadvertently form the faint, subliminal silhouette of the Chinese character 人.","Subtly adjust the flow of the smoke and its shading to create a faint, almost imperceptible outline of the Chinese character 人, blending seamlessly with the haze."
101,High-Frequency Texture,Raging fire flames and sparks.,026_high_frequency_texture.png,Textual Elements,Non-Latin Character,the Chinese character 中,026_textual_elements_non_latin_character_char_cn_zhong.png,"A raging inferno with vibrant flames and scattered sparks, where the intense flickering and swirling of fire subtly arrange themselves, casting shadows and forming the faint, illusionary outline of the Chinese character 中 within the chaotic movement of the flames.",Subtly rearrange the flames and sparks to form the faint silhouette of the Chinese character 中 without adding new elements.
102,Structured Texture,Black and white crosswalk stripes.,058_structured_texture.png,Textual Elements,Non-Latin Character,the Chinese character 中,026_textual_elements_non_latin_character_char_cn_zhong.png,"A black and white crosswalk with thick, parallel stripes, where the subtle alignment of the lines and the interplay of light and shadow create a hidden, emergent shape resembling the Chinese character 中 in the negative space between the stripes.","Modify the alignment and spacing of the existing black and white crosswalk stripes to subtly create a disguised geometric arrangement that faintly resembles the Chinese character 中, using only the stripe edges and negative space without adding new elements."
103,Directional Texture,Melted flowing crayon colors.,090_directional_texture.png,Textual Elements,Non-Latin Character,the Chinese character 中,026_textual_elements_non_latin_character_char_cn_zhong.png,"A vibrant, melted flow of crayon colors, where the blending hues of red, yellow, and blue subtly arrange themselves into the faint, emerging shape of the Chinese character 中, formed through the interplay of light, texture, and the curves of the waxy drips.","Subtly bend and guide the existing flowing directions of the melted crayon colors so their currents and intersections faintly suggest the vertical and horizontal strokes of the Chinese character 中, disguised within the natural motion of the color streams."
104,Low-Frequency Smooth Texture,Surface of melted chocolate with swirls.,122_low_frequency_smooth_texture.png,Textual Elements,Non-Latin Character,the Chinese character 中,026_textual_elements_non_latin_character_char_cn_zhong.png,"The surface of melted chocolate, rich and glossy, with swirling patterns and smooth undulations in the molten texture, where the flow of the chocolate subtly forms the faint, emergent shape of the Chinese character 中, hidden within the dark and light contrasts of the swirls.",Subtly alter the smooth surface of the melted chocolate to create faint swirls and shading that suggest the shape of the Chinese character 中.
105,High-Frequency Texture,Fluffy dandelion seeds close-up.,027_high_frequency_texture.png,Textual Elements,Non-Latin Character,the Chinese character 好,027_textual_elements_non_latin_character_char_cn_hao.png,"A close-up view of fluffy dandelion seeds, where the delicate arrangement of the soft, feathery seeds and their wispy tendrils subtly form the faint, emergent silhouette of the Chinese character 好, as if shaped by the wind's gentle caress.",Subtly rearrange the fluffy dandelion seeds and their delicate patterns to faintly form the shape of the Chinese character 好 without adding any new elements.
106,Structured Texture,Rows of stadium seats.,059_structured_texture.png,Textual Elements,Non-Latin Character,the Chinese character 好,027_textual_elements_non_latin_character_char_cn_hao.png,"Rows of empty stadium seats, where the arrangement of seats, shadows, and the subtle variations in color and texture form the faint, emergent shape of the Chinese character 好, as if woven into the pattern of the seating.","Modify the alignment and spacing of the existing stadium seat rows and aisles to subtly suggest the strokes of the Chinese character 好, using slight shifts in the grid and shadows so the form is faintly recognizable without adding any new elements."
107,Directional Texture,Cyanotype blue plant print.,091_directional_texture.png,Textual Elements,Non-Latin Character,the Chinese character 好,027_textual_elements_non_latin_character_char_cn_hao.png,"A cyanotype blue plant print, where the delicate shadows and intricate patterns of the leaves and stems subtly form the hidden Chinese character 好 through the negative space and the overlapping botanical shapes.","Subtly bend the lines of the plant print and adjust the shadows to suggest the shape of the Chinese character 好, blending it seamlessly with the existing plant forms."
108,Low-Frequency Smooth Texture,Blurred view through frosted glass.,123_low_frequency_smooth_texture.png,Textual Elements,Non-Latin Character,the Chinese character 好,027_textual_elements_non_latin_character_char_cn_hao.png,"A blurred view through frosted glass, where the interplay of soft, diffused light and the frost patterns subtly form the delicate outline of the Chinese character 好, as if emerging from the textured surface.","Subtly adjust the smooth frosted texture of the glass to create a faint impression of the Chinese character 好, using the natural gradients and light distortions."
109,High-Frequency Texture,Tangled colorful yarn balls.,028_high_frequency_texture.png,Textual Elements,Non-Latin Character,the Chinese character 赢,028_textual_elements_non_latin_character_char_cn_ying.png,"A tangle of colorful yarn balls, where the intricate loops and overlapping threads subtly create a faint, emergent silhouette of the Chinese character 赢, formed through the interplay of colors and textures.",Subtly rearrange the tangled yarn strands and their overlaps to faintly form the shape of the Chinese character 赢 without introducing new elements.
110,Structured Texture,Woven wicker basket texture.,060_structured_texture.png,Textual Elements,Non-Latin Character,the Chinese character 赢,028_textual_elements_non_latin_character_char_cn_ying.png,"A close-up view of a woven wicker basket, where the intricate patterns of the woven fibers subtly create a visual illusion, with the negative space and shadows subtly forming the Chinese character 赢 within the texture of the basket.","Modify the alignment and spacing of the woven wicker strands so the existing weave pattern subtly and faintly suggests the strokes of the Chinese character 赢, using only the natural intersections, shadows, and grid structure of the wicker without adding new elements."
111,Directional Texture,Digital glitch art texture.,092_directional_texture.png,Textual Elements,Non-Latin Character,the Chinese character 赢,028_textual_elements_non_latin_character_char_cn_ying.png,"A digital glitch art texture, where the distorted pixels, fragmented color shifts, and erratic patterns subtly form the subliminal illusion of the Chinese character 赢, emerging through the chaotic visual static.","Alter the directional lines and digital distortions in the glitch art to subtly form the Chinese character 赢, using the existing texture without adding new elements."
112,Low-Frequency Smooth Texture,Thick flowing honey texture backlit with soft glow.,124_low_frequency_smooth_texture.png,Textual Elements,Non-Latin Character,the Chinese character 赢,028_textual_elements_non_latin_character_char_cn_ying.png,"A thick, flowing honey texture backlit with a soft glow, where the smooth curves and rich amber hues subtly converge and shift to form the faint, emergent silhouette of the Chinese character 赢, as if naturally shaped by the flowing movement and light.","Subtly alter the existing shading and highlights within the flowing honey texture so that gentle variations in thickness and glow faintly suggest the strokes of the Chinese character 赢, keeping the effect barely visible and fully disguised within the smooth, natural flow of the honey without adding any new elements."
113,High-Frequency Texture,Peeling paint on an old wooden wall.,029_high_frequency_texture.png,Textual Elements,Non-Latin Character,the Japanese Hiragana character あ,029_textual_elements_non_latin_character_char_jp_a.png,"An aged wooden wall with peeling paint, where the distressed layers of flaking color and the natural cracks in the wood subtly form the faint, emerging silhouette of the Japanese Hiragana character あ.",Subtly rearrange the peeling paint and cracks on the wooden wall to faintly form the shape of the Japanese Hiragana character あ without adding any new elements.
114,Structured Texture,Parallel lines of a radiator grille.,061_structured_texture.png,Textual Elements,Non-Latin Character,the Japanese Hiragana character あ,029_textual_elements_non_latin_character_char_jp_a.png,"A series of parallel metal lines from a radiator grille, where the subtle arrangement of shadows and reflections between the slats and the texture of the grille creates a faint, subliminal outline resembling the Japanese Hiragana character あ.",Modify the alignment of the radiator grille's lines to subtly form the shape of the Japanese Hiragana character あ without adding any new elements.
115,Directional Texture,Sand art flowing lines.,093_directional_texture.png,Textual Elements,Non-Latin Character,the Japanese Hiragana character あ,029_textual_elements_non_latin_character_char_jp_a.png,"Intricate sand art flowing with curving lines and delicate patterns, where the subtle arrangement of grains and the natural undulations of the surface form a hidden, subliminal silhouette of the Japanese Hiragana character あ.","Subtly alter the flowing sand art lines by gently bending their directional curves so they faintly trace the shape of the Japanese hiragana character あ, using only the existing line flow and natural variations so the character is disguised within the movement of the sand."
116,Low-Frequency Smooth Texture,Solar eclipse corona soft glow.,125_low_frequency_smooth_texture.png,Textual Elements,Non-Latin Character,the Japanese Hiragana character あ,029_textual_elements_non_latin_character_char_jp_a.png,"A solar eclipse with the corona casting a soft, radiant glow, where the delicate interplay of light and shadow subtly forms the faint, emergent shape of the Japanese Hiragana character あ in the outer edges of the corona.","Subtly adjust the smooth glow of the solar eclipse corona to create a faint, barely visible impression of the Japanese Hiragana character あ, using gentle gradients and shading."
117,High-Frequency Texture,Spider web with water droplets.,030_high_frequency_texture.png,Textual Elements,Non-Latin Character,the Japanese Hiragana character の,030_textual_elements_non_latin_character_char_jp_no.png,"A delicate spider web adorned with glistening water droplets, where the arrangement of the threads and the subtle placement of droplets form the faint, emergent silhouette of the Japanese Hiragana character の.","Subtly rearrange the intersections of the spider web and the water droplets to faintly form the shape of the Japanese Hiragana character の, without adding new elements."
118,Structured Texture,Stacked newspapers side view.,062_structured_texture.png,Textual Elements,Non-Latin Character,the Japanese Hiragana character の,030_textual_elements_non_latin_character_char_jp_no.png,"A side view of stacked newspapers, where the overlapping layers and random arrangement of headlines and text subtly form the outline of the Japanese Hiragana character の through negative space and the interplay of printed words and shadows.",Modify the alignment of the stacked newspaper edges and the creases in the paper to subtly form the shape of the Japanese Hiragana character の.
119,Directional Texture,Alcohol ink fluid art.,094_directional_texture.png,Textual Elements,Non-Latin Character,the Japanese Hiragana character の,030_textual_elements_non_latin_character_char_jp_no.png,"A vibrant alcohol ink fluid art piece, where the flowing, abstract patterns of swirling colors and soft gradients subtly blend and twist, creating a hidden, emergent shape resembling the Japanese Hiragana character の in the organic flow of the ink.","Subtly bend and redirect the flowing ink currents and color gradients so their natural swirls faintly align into a continuous curved loop resembling the Japanese hiragana character の, disguised within the existing fluid motion without adding new elements."
120,Low-Frequency Smooth Texture,Dense white morning fog banks.,126_low_frequency_smooth_texture.png,Textual Elements,Non-Latin Character,the Japanese Hiragana character の,030_textual_elements_non_latin_character_char_jp_no.png,"Dense white morning fog banks, where the swirling mist and soft gradations of light subtly form the faint silhouette of the Japanese Hiragana character の, as if emerging from the haze.","Alter the smooth transitions of the fog to subtly create the faint outline of the Japanese Hiragana character の, blending it naturally with the surrounding mist."
121,High-Frequency Texture,Dense starry sky with the Milky Way.,031_high_frequency_texture.png,Textual Elements,Non-Latin Character,the symbol ☺ (smiley face),031_textual_elements_non_latin_character_symbol_smiley.png,"A dense starry sky with the Milky Way stretching across the heavens, where the arrangement of distant stars and subtle nebulous clouds form an emergent, optical illusion of a smiling face symbol ☺, subtly hidden within the vastness of the cosmos.","Subtly rearrange the density and brightness of existing stars and Milky Way dust so the natural star clusters faintly form a barely visible ☺ shape, using only the current speckled noise and light variations without adding new celestial objects."
122,Structured Texture,Metal steps of an escalator.,063_structured_texture.png,Textual Elements,Non-Latin Character,the symbol ☺ (smiley face),031_textual_elements_non_latin_character_symbol_smiley.png,"A close-up of metal steps on an escalator, where the subtle reflections and the arrangement of shadows and highlights create a faint, emergent symbol resembling a smiley face ☺, formed by the negative spaces and the texture of the steel.","Modify the alignment and spacing of the escalator’s metal step grooves and perforations so their grid subtly forms a faint, barely noticeable smiley face symbol, using only the existing lines, highlights, and shadows of the steps without adding new elements."
123,Directional Texture,Black and white manga speed lines.,095_directional_texture.png,Textual Elements,Non-Latin Character,the symbol ☺ (smiley face),031_textual_elements_non_latin_character_symbol_smiley.png,"A dynamic black and white manga scene filled with intense speed lines, where the overlapping lines and stark contrasts subtly converge to form the emergent shape of a smiling face, resembling the symbol ☺.",Bend the flow of the manga speed lines to subtly form the shape of the symbol ☺ (smiley face) without introducing any new elements.
124,Low-Frequency Smooth Texture,Wavy smooth matte silicone surface.,127_low_frequency_smooth_texture.png,Textual Elements,Non-Latin Character,the symbol ☺ (smiley face),031_textual_elements_non_latin_character_symbol_smiley.png,"A wavy smooth matte silicone surface, where the gentle undulations and soft reflections of light subtly converge to form the faint, illusionary outline of a smiling face ☺, emerging from the texture of the material.","Subtly adjust the existing highlights and shading of the wavy smooth silicone surface so that the natural undulations faintly suggest the outline of a smiley face (☺), with barely perceptible dimples for the eyes and a gentle curved shadow for the smile, disguised entirely within the original surface flow."
125,High-Frequency Texture,A pile of gold coins and jewelry.,032_high_frequency_texture.png,Textual Elements,Non-Latin Character,the uppercase Greek letter Ω,032_textual_elements_non_latin_character_symbol_omega.png,"A shimmering pile of gold coins and intricate jewelry, where the arrangement of stacked coins and reflective surfaces subtly forms the illusion of the uppercase Greek letter Ω, hidden within the gleaming chaos.",Subtly rearrange the gold coins and jewelry patterns to faintly form the shape of the uppercase Greek letter Ω without adding new objects.
126,Structured Texture,Hexagonal honeycomb cells.,064_structured_texture.png,Textual Elements,Non-Latin Character,the uppercase Greek letter Ω,032_textual_elements_non_latin_character_symbol_omega.png,"A close-up view of hexagonal honeycomb cells, where the arrangement of beeswax and subtle variations in lighting and shadows create an emergent shape, subtly forming the uppercase Greek letter Ω within the pattern of the honeycomb.",Modify the alignment of the hexagonal cells in the honeycomb pattern to subtly form the shape of the uppercase Greek letter Ω without introducing new elements.
127,Directional Texture,Colorful nebula gas clouds.,096_directional_texture.png,Textual Elements,Non-Latin Character,the uppercase Greek letter Ω,032_textual_elements_non_latin_character_symbol_omega.png,"A vibrant and colorful nebula of swirling gas clouds in deep blues, purples, and pinks, where the luminous and shadowed patterns of the clouds subtly converge to form the faint, emerging shape of the uppercase Greek letter Ω, as if woven into the cosmic fabric.","Bend the flow of the nebula gas clouds and their light patterns to subtly form the shape of the uppercase Greek letter Ω, with the curves barely visible within the existing clouds."
128,Low-Frequency Smooth Texture,Blurred city lights bokeh.,128_low_frequency_smooth_texture.png,Textual Elements,Non-Latin Character,the uppercase Greek letter Ω,032_textual_elements_non_latin_character_symbol_omega.png,"A soft blur of city lights bokeh, where the glowing orbs and delicate light halos subtly converge and overlap to form the faint, emergent shape of the uppercase Greek letter Ω in the background.","Subtly alter the soft glow and intensity of the existing blurred city light bokeh so that faint variations in brightness and shading gently form the barely visible outline of the uppercase Greek letter Ω, using only the existing light spots and gradients without adding new elements."
129,High-Frequency Texture,A dense tropical rainforest floor with ferns.,001_high_frequency_texture.png,Geometry & Shapes,Basic Convex Shape,the shape of a circle,033_geometry_and_shapes_basic_convex_shape_circle.png,"A dense tropical rainforest floor, where the lush ferns and scattered foliage subtly arrange themselves, with the interplay of shadows and light forming the faint, emergent shape of a circle amidst the greenery.",Subtly rearrange the ferns and debris on the rainforest floor to faintly form the shape of a circle without introducing any new objects.
130,Structured Texture,Glass facade of a modern skyscraper.,033_structured_texture.png,Geometry & Shapes,Basic Convex Shape,the shape of a circle,033_geometry_and_shapes_basic_convex_shape_circle.png,"The glass facade of a modern skyscraper, with its reflective surface and the arrangement of windows and metal frames subtly casting a series of reflections and shadows that form the faint, emergent shape of a circle.","Modify the grid lines of the windows to subtly form the shape of a circle, creating a faint, subliminal pattern within the existing structure."
131,Directional Texture,Van Gogh style Starry Night painting.,065_directional_texture.png,Geometry & Shapes,Basic Convex Shape,the shape of a circle,033_geometry_and_shapes_basic_convex_shape_circle.png,"A Van Gogh style oil painting of a starry night, where the swirling blue and yellow brushstrokes subtly converge to form a hidden, illusionary shape of a circle in the sky, created through the fluid motion of the stars and the swirling clouds.",Subtly bend the swirling brushstrokes and directional flow of the night sky to create a barely visible circular shape within the pattern.
132,Low-Frequency Smooth Texture,Smooth abstract beige curves with soft shadows.,097_low_frequency_smooth_texture.png,Geometry & Shapes,Basic Convex Shape,the shape of a circle,033_geometry_and_shapes_basic_convex_shape_circle.png,"Smooth abstract beige curves with soft shadows, where the gentle flow of the curves and subtle interplay of light and shadow form the faint, emergent shape of a circle in the center of the composition.","Subtly adjust the soft shadows and curves to faintly suggest the outline of a circle, blending it seamlessly into the abstract forms without adding new shapes."
133,High-Frequency Texture,Scattered red and yellow maple leaves on grass.,002_high_frequency_texture.png,Geometry & Shapes,Basic Convex Shape,the shape of a square,034_geometry_and_shapes_basic_convex_shape_square.png,"A ground covered with scattered red and yellow maple leaves, where the arrangement of leaves and their shadows subtly form the illusion of a square shape in the grass.","Subtly rearrange the scattered maple leaves and their shadows to form the faint shape of a square, using the natural arrangement and overlaps of the leaves."
134,Structured Texture,Straight highway stretching to the horizon.,034_structured_texture.png,Geometry & Shapes,Basic Convex Shape,the shape of a square,034_geometry_and_shapes_basic_convex_shape_square.png,"A straight highway stretching endlessly toward the horizon, where the arrangement of road markings, distant vanishing point, and subtle shifts in the road's texture subtly form the illusion of a square shape on the horizon.","Modify the lane markings and road texture to subtly form the shape of a square, integrating it naturally into the existing pattern of the highway."
135,Directional Texture,Traditional Chinese ink wash mountains.,066_directional_texture.png,Geometry & Shapes,Basic Convex Shape,the shape of a square,034_geometry_and_shapes_basic_convex_shape_square.png,"A traditional Chinese ink wash landscape of misty mountains, where the fluid brushstrokes of the rocky peaks and the interplay of light and shadow subtly form the illusion of a faint, yet distinct square shape amidst the natural scenery.","Bend the flowing brush strokes of the ink wash to subtly form the outline of a square, barely visible within the natural curves of the mountains."
136,Low-Frequency Smooth Texture,Pristine white snowfield with gentle slopes.,098_low_frequency_smooth_texture.png,Geometry & Shapes,Basic Convex Shape,the shape of a square,034_geometry_and_shapes_basic_convex_shape_square.png,"A pristine white snowfield with gentle slopes, where the arrangement of snowdrifts and subtle variations in light and shadow form a faint, subliminal illusion of a square shape in the landscape.","Subtly adjust the shading and light gradients in the snow to create a barely visible, faint impression of a square shape within the slopes."
137,High-Frequency Texture,A pile of fresh colorful fruits at a market.,003_high_frequency_texture.png,Geometry & Shapes,Basic Convex Shape,the shape of a triangle,035_geometry_and_shapes_basic_convex_shape_triangle.png,"A vibrant pile of fresh colorful fruits at a market, where the arrangement of oranges, apples, and bananas subtly forms the emergent silhouette of a triangle through their positioning and overlapping shadows.",Subtly rearrange the fruits and their natural highlights to faintly suggest the outline of a triangle without introducing any new elements.
138,Structured Texture,Library shelves filled with books.,035_structured_texture.png,Geometry & Shapes,Basic Convex Shape,the shape of a triangle,035_geometry_and_shapes_basic_convex_shape_triangle.png,"A library with shelves filled with books, where the arrangement of spines and the play of light and shadow between them subtly forms the shape of a triangle, almost imperceptible at first glance.","Modify the arrangement of the books and shelves to subtly align their edges and shadows, creating a faint, hidden triangular shape within the structure."
139,Directional Texture,Cyberpunk street with neon rain.,067_directional_texture.png,Geometry & Shapes,Basic Convex Shape,the shape of a triangle,035_geometry_and_shapes_basic_convex_shape_triangle.png,"A cyberpunk street illuminated by neon signs, with rain casting reflective patterns on the wet pavement, where the interplay of light, shadow, and reflections subtly forms the outline of a triangle in the center of the scene.","Alter the flow of neon reflections and rain patterns to subtly guide the viewer's eye towards a faint, directional shape resembling a triangle."
140,Low-Frequency Smooth Texture,Calm lake with subtle water ripples.,099_low_frequency_smooth_texture.png,Geometry & Shapes,Basic Convex Shape,the shape of a triangle,035_geometry_and_shapes_basic_convex_shape_triangle.png,"A calm lake with subtle water ripples, where the gentle waves and reflections in the water form a faint, subliminal triangle shape, emerging from the play of light and shadow across the surface.",Subtly adjust the water ripples and their shading to create a barely visible triangular shape within the calm surface of the lake.
141,High-Frequency Texture,Underwater coral reef with schools of fish.,004_high_frequency_texture.png,Geometry & Shapes,Basic Convex Shape,the shape of a rectangle,036_geometry_and_shapes_basic_convex_shape_rectangle.png,"An underwater coral reef teeming with vibrant marine life and schools of fish, where the arrangement of corals and the movement of fish subtly form the faint, illusionary shape of a rectangle, emerging through the interplay of light and water.","Subtly rearrange the coral and fish formations, using their natural patterns and shadows, to faintly suggest the shape of a rectangle without adding new objects."
142,Structured Texture,Electronic circuit board with golden traces.,036_structured_texture.png,Geometry & Shapes,Basic Convex Shape,the shape of a rectangle,036_geometry_and_shapes_basic_convex_shape_rectangle.png,"An intricate electronic circuit board with golden traces, where the arrangement of metal lines and subtle gaps between components forms the faint, emergent shape of a rectangle through the negative space.","Modify the alignment of the golden traces on the circuit board to subtly form the shape of a rectangle, blending seamlessly with the existing patterns."
143,Directional Texture,Colorful abstract watercolor painting.,068_directional_texture.png,Geometry & Shapes,Basic Convex Shape,the shape of a rectangle,036_geometry_and_shapes_basic_convex_shape_rectangle.png,"A vibrant, abstract watercolor painting with splashes of color and fluid brushstrokes, where the varying hues and soft transitions of paint subtly converge to form the faint, emergent shape of a rectangle within the composition.","Bend the flow of the watercolor strokes to subtly form the shape of a rectangle, using the existing directional patterns and transitions in the paint."
144,Low-Frequency Smooth Texture,Blue sky with soft shapeless clouds.,100_low_frequency_smooth_texture.png,Geometry & Shapes,Basic Convex Shape,the shape of a rectangle,036_geometry_and_shapes_basic_convex_shape_rectangle.png,"A vast blue sky dotted with soft, shapeless clouds, where the arrangement of the clouds and their subtle shading create a faint, emergent outline of a rectangle, barely perceptible against the sky.","Subtly adjust the lighting and shading of the clouds to create a faint, barely visible rectangular shape blending with the soft cloud forms."
145,High-Frequency Texture,A field of blooming colorful wildflowers.,005_high_frequency_texture.png,Geometry & Shapes,Basic Convex Shape,the shape of an oval,037_geometry_and_shapes_basic_convex_shape_oval.png,"A vibrant field of blooming wildflowers in full color, where the delicate arrangement of flowers and their varying hues subtly form the faint, emergent shape of an oval in the midst of the landscape.","Subtly rearrange the petals and stems of the wildflowers to form the faint, oval shape without adding new elements."
146,Structured Texture,Striped shadows from window blinds.,037_structured_texture.png,Geometry & Shapes,Basic Convex Shape,the shape of an oval,037_geometry_and_shapes_basic_convex_shape_oval.png,"A series of striped shadows cast by window blinds, where the interplay of light and dark subtly forms the illusion of an oval shape within the shifting patterns on the floor.","Modify the alignment of the striped shadows to subtly form the shape of an oval, using the existing lines and patterns without adding new elements."
147,Directional Texture,Colorful ink smoke in water.,069_directional_texture.png,Geometry & Shapes,Basic Convex Shape,the shape of an oval,037_geometry_and_shapes_basic_convex_shape_oval.png,"Colorful ink smoke swirling and dissolving in water, with the fluid movements and vibrant hues subtly arranging themselves to form the faint, emergent shape of an oval in the center of the scene.","Alter the flow and blending of the ink smoke to subtly guide the movement of the ink in a way that faintly suggests the shape of an oval, without adding new elements."
148,Low-Frequency Smooth Texture,Soft diffuse shadows on a curved white wall.,101_low_frequency_smooth_texture.png,Geometry & Shapes,Basic Convex Shape,the shape of an oval,037_geometry_and_shapes_basic_convex_shape_oval.png,"Soft diffuse shadows cast on a gently curved white wall, where the subtle play of light and shadow gently shapes an emergent, elliptical form, creating the illusion of an oval in the soft contours of the surface.","Subtly adjust the diffuse shadows on the curved white wall to create a barely visible, smooth outline resembling an oval shape."
149,High-Frequency Texture,Rough riverbed covered with jagged rocks.,006_high_frequency_texture.png,Geometry & Shapes,Basic Convex Shape,the shape of a pentagon,038_geometry_and_shapes_basic_convex_shape_pentagon.png,"A rough riverbed covered with jagged rocks, where the uneven arrangement of stones and the play of shadows subtly suggest the outline of a pentagon, emerging from the natural chaos of the landscape.",Subtly rearrange the jagged rocks and their shadows to faintly form the shape of a pentagon without adding new objects.
150,Structured Texture,Vertical bamboo forest stalks.,038_structured_texture.png,Geometry & Shapes,Basic Convex Shape,the shape of a pentagon,038_geometry_and_shapes_basic_convex_shape_pentagon.png,"A dense vertical bamboo forest, where the alignment of the bamboo stalks and the interplay of light and shadow subtly suggest the faint outline of a pentagon in the negative space between the trees.",Modify the alignment and spacing of the bamboo stalks to subtly form the geometric shape of a pentagon without adding new elements.
151,Directional Texture,Impasto oil painting of ocean waves.,070_directional_texture.png,Geometry & Shapes,Basic Convex Shape,the shape of a pentagon,038_geometry_and_shapes_basic_convex_shape_pentagon.png,"An impasto oil painting of dynamic ocean waves crashing against the shore, where the thick, textured brushstrokes and interplay of light and shadow subtly form the outline of a pentagon in the water's surface.","Bend the flow of the ocean waves and the direction of the brushstrokes to subtly form the shape of a pentagon, blending it with the existing texture of the water."
152,Low-Frequency Smooth Texture,Foggy lake with varying mist density.,102_low_frequency_smooth_texture.png,Geometry & Shapes,Basic Convex Shape,the shape of a pentagon,038_geometry_and_shapes_basic_convex_shape_pentagon.png,"A foggy lake with varying mist density, where the subtle shifts in fog and mist patterns form an emergent, subliminal shape resembling a pentagon, emerging from the haze like a faint geometric illusion.","Alter the mist density and subtle shading in the foggy lake to subtly form the shape of a pentagon, blending it naturally with the existing atmospheric texture."
153,High-Frequency Texture,Old brick wall covered in graffiti.,007_high_frequency_texture.png,Geometry & Shapes,Basic Convex Shape,the shape of a hexagon,039_geometry_and_shapes_basic_convex_shape_hexagon.png,"An old brick wall covered in colorful graffiti, where the arrangement of spray-painted shapes and the texture of the weathered bricks subtly form the illusion of a hexagon through negative space and overlapping patterns.","Subtly rearrange the graffiti and cracks in the bricks to form the faint outline of a hexagon, blending it seamlessly with the existing textures."
154,Structured Texture,Warehouse shelves with stacked boxes.,039_structured_texture.png,Geometry & Shapes,Basic Convex Shape,the shape of a hexagon,039_geometry_and_shapes_basic_convex_shape_hexagon.png,"A warehouse filled with shelves stacked high with boxes, where the arrangement of boxes and their shadows subtly align to form the emergent, subliminal shape of a hexagon.",Modify the alignment of the stacked boxes and the grid of the shelves to subtly create a hidden geometric pattern that resembles the shape of a hexagon.
155,Directional Texture,Detailed pencil sketch of a clock.,071_directional_texture.png,Geometry & Shapes,Basic Convex Shape,the shape of a hexagon,039_geometry_and_shapes_basic_convex_shape_hexagon.png,"A detailed pencil sketch of a clock, where the intricate shading and the arrangement of gears and clock hands subtly form the faint, emerging shape of a hexagon in the center of the design.","Alter the lines and curves of the clock’s hands and gears to subtly suggest the shape of a hexagon, integrating the concept into the existing sketch without adding new elements."
156,Low-Frequency Smooth Texture,Softly curved white paper sheet.,103_low_frequency_smooth_texture.png,Geometry & Shapes,Basic Convex Shape,the shape of a hexagon,039_geometry_and_shapes_basic_convex_shape_hexagon.png,"A softly curved white paper sheet, where the subtle creases and folds of the paper create an illusionary negative space, subtly hinting at the geometric shape of a hexagon.","Subtly alter the existing lighting and gentle curvature of the white paper to introduce barely perceptible shading changes that faintly outline a hexagon shape, using only the paper’s natural folds and smooth tonal gradients without adding new elements."
157,High-Frequency Texture,Raindrops splashing on a wet city street.,008_high_frequency_texture.png,Geometry & Shapes,Basic Convex Shape,the shape of an octagon,040_geometry_and_shapes_basic_convex_shape_octagon.png,"Raindrops splashing on a wet city street, where the concentric ripples and the arrangement of puddles on the pavement subtly form the shape of an octagon, emerging from the reflective surfaces and water patterns.","Subtly rearrange the raindrops and their splashes to faintly form the shape of an octagon, using the natural patterns of the water on the street."
158,Structured Texture,Vertical columns inside a Gothic cathedral.,040_structured_texture.png,Geometry & Shapes,Basic Convex Shape,the shape of an octagon,040_geometry_and_shapes_basic_convex_shape_octagon.png,"Vertical columns inside a Gothic cathedral, where the intricate patterns of arches and the interplay of light and shadow subtly arrange themselves, forming the faint, emergent silhouette of an octagon.","Modify the alignment and spacing of the vertical columns to subtly form the shape of an octagon, using the existing lines and patterns of the cathedral's architecture."
159,Directional Texture,Ukiyo-e style Great Wave.,072_directional_texture.png,Geometry & Shapes,Basic Convex Shape,the shape of an octagon,040_geometry_and_shapes_basic_convex_shape_octagon.png,"A Ukiyo-e style Great Wave, where the sweeping curves of the water and the dynamic foam subtly form the illusionary shape of an octagon within the crest of the wave.",Subtly bend the flowing waves and their directional patterns to faintly form the shape of an octagon within the composition.
160,Low-Frequency Smooth Texture,Black smooth silk fabric with flowing folds.,104_low_frequency_smooth_texture.png,Geometry & Shapes,Basic Convex Shape,the shape of an octagon,040_geometry_and_shapes_basic_convex_shape_octagon.png,"A luxurious black smooth silk fabric with flowing folds, where the interplay of light and shadow subtly arranges the folds to create a hidden, subliminal shape resembling an octagon.","Subtly adjust the folds and light reflections on the black silk to create a faint, barely visible outline that suggests the shape of an octagon."
161,High-Frequency Texture,A pile of rusty mechanical gears.,009_high_frequency_texture.png,Geometry & Shapes,Basic Convex Shape,the shape of a rhombus,041_geometry_and_shapes_basic_convex_shape_rhombus.png,"A chaotic pile of rusty mechanical gears, where the overlapping metal components and their jagged edges subtly align to form the faint, emergent shape of a rhombus, almost hidden within the clutter.","Subtly rearrange the existing rusty gears, bolts, and shadowed gaps so their clustered edges faintly align into a rhombus shape, using only the natural noise and debris of the pile without adding any new mechanical elements."
162,Structured Texture,Checkerboard marble floor pattern.,041_structured_texture.png,Geometry & Shapes,Basic Convex Shape,the shape of a rhombus,041_geometry_and_shapes_basic_convex_shape_rhombus.png,"A checkerboard marble floor pattern, where the alternating black and white tiles subtly arrange themselves, creating a faint illusion of a rhombus shape emerging through the natural flow of shadows and reflections.",Modify the alignment of the checkerboard tiles to subtly create the outline of a rhombus using the existing marble pattern and grout lines.
163,Directional Texture,Fluid marble texture with gold veins.,073_directional_texture.png,Geometry & Shapes,Basic Convex Shape,the shape of a rhombus,041_geometry_and_shapes_basic_convex_shape_rhombus.png,"A fluid marble texture with gold veins subtly interwoven, where the swirling patterns and contrasting light reflections create a subliminal illusion of a rhombus shape emerging from the veins and negative space.","Alter the flow of the marble veins and the gold streaks to subtly form the shape of a rhombus, blending it seamlessly with the existing texture."
164,Low-Frequency Smooth Texture,Infinity pool with gentle water movement.,105_low_frequency_smooth_texture.png,Geometry & Shapes,Basic Convex Shape,the shape of a rhombus,041_geometry_and_shapes_basic_convex_shape_rhombus.png,"An infinity pool with gentle ripples on the water's surface, where the subtle reflections and light play along the water's edge form the illusionary shape of a rhombus in the movement of the waves.",Subtly adjust the smooth water surface and its gentle ripples to create a barely visible outline of a rhombus shape using subtle shading and light variations.
165,High-Frequency Texture,Scattered wheat stalks on a harvested field.,010_high_frequency_texture.png,Geometry & Shapes,Basic Convex Shape,the shape of a parallelogram,042_geometry_and_shapes_basic_convex_shape_parallelogram.png,"Scattered wheat stalks on a harvested field, where the subtle arrangement of bent stalks and the play of light and shadow create a faint, emergent shape resembling a parallelogram in the distance.","Subtly rearrange the scattered wheat stalks and their overlapping shadows so the existing debris faintly aligns into the outline of a parallelogram, disguised within the natural randomness of the field without adding any new elements."
166,Structured Texture,Steel cables of a suspension bridge.,042_structured_texture.png,Geometry & Shapes,Basic Convex Shape,the shape of a parallelogram,042_geometry_and_shapes_basic_convex_shape_parallelogram.png,"The steel cables of a suspension bridge, where the crisscrossing strands and the tension in the wires subtly align to form a faint, emergent parallelogram shape within the intricate network of cables.",Alter the alignment of the steel cables and their intersections to subtly form the shape of a parallelogram without adding new elements.
167,Directional Texture,Coffee latte art foam pattern.,074_directional_texture.png,Geometry & Shapes,Basic Convex Shape,the shape of a parallelogram,042_geometry_and_shapes_basic_convex_shape_parallelogram.png,"A coffee latte with intricate foam art, where the swirling patterns of milk and coffee subtly converge to form the faint, illusionary shape of a parallelogram within the swirls.",Alter the flow of the latte art foam patterns to subtly suggest the shape of a parallelogram without disturbing the overall design.
168,Low-Frequency Smooth Texture,Pink and orange sunset gradient sky.,106_low_frequency_smooth_texture.png,Geometry & Shapes,Basic Convex Shape,the shape of a parallelogram,042_geometry_and_shapes_basic_convex_shape_parallelogram.png,"A pink and orange sunset gradient sky, where the subtle shift in the hues and the play of light and clouds create an emergent shape that evokes the outline of a parallelogram.","Subtly alter the existing pink-to-orange gradient by introducing very faint, smooth shifts in brightness and color temperature so the lighting transitions barely suggest the angled outline of a parallelogram, disguised within the natural sunset glow without adding new elements."
169,High-Frequency Texture,Fireworks exploding in the night sky.,011_high_frequency_texture.png,Geometry & Shapes,Basic Convex Shape,the shape of a trapezoid,043_geometry_and_shapes_basic_convex_shape_trapezoid.png,"A vibrant display of fireworks bursting in the night sky, where the patterns of sparkling trails and radiant explosions subtly align to form the faint, emergent shape of a trapezoid in the midst of the dazzling chaos.",Subtly rearrange the bursts and trails of fireworks to faintly form the shape of a trapezoid without altering the overall explosion patterns.
170,Structured Texture,Arrays of solar panels.,043_structured_texture.png,Geometry & Shapes,Basic Convex Shape,the shape of a trapezoid,043_geometry_and_shapes_basic_convex_shape_trapezoid.png,"A vast field of solar panels arranged in neat rows, where the interplay of reflections and the alignment of the panels subtly creates the faint, emergent shape of a trapezoid in the negative space between them.",Modify the alignment and grid pattern of the solar panels to subtly form the shape of a trapezoid without introducing new elements.
171,Directional Texture,Green aurora lights in the sky.,075_directional_texture.png,Geometry & Shapes,Basic Convex Shape,the shape of a trapezoid,043_geometry_and_shapes_basic_convex_shape_trapezoid.png,"A mesmerizing display of green aurora lights in the night sky, where the shifting waves and folds of light subtly arrange themselves to form the faint, optical illusion of a trapezoid shape within the glowing auroras.",Alter the flow and curves of the green aurora lights to subtly suggest the shape of a trapezoid without disrupting the natural pattern of the sky.
172,Low-Frequency Smooth Texture,Swirling dense gray fog.,107_low_frequency_smooth_texture.png,Geometry & Shapes,Basic Convex Shape,the shape of a trapezoid,043_geometry_and_shapes_basic_convex_shape_trapezoid.png,"Swirling dense gray fog, where the mist and shifting shadows subtly converge, forming an emergent, faint outline of a trapezoid in the haze.","Subtly adjust the smooth gradients of the fog to create a barely visible, trapezoid-shaped silhouette within the mist."
173,High-Frequency Texture,A bowl of ramen with chopped green onions.,012_high_frequency_texture.png,Geometry & Shapes,Basic Convex Shape,the shape of a semicircle,044_geometry_and_shapes_basic_convex_shape_semicircle.png,"A bowl of ramen with delicate strands of noodles and chopped green onions, where the arrangement of the ingredients and subtle steam rising from the broth form an emergent, subliminal shape of a semicircle.",Subtly rearrange the chopped green onions and noodle patterns to faintly form the shape of a semicircle without adding new objects.
174,Structured Texture,Round keys of a vintage typewriter.,044_structured_texture.png,Geometry & Shapes,Basic Convex Shape,the shape of a semicircle,044_geometry_and_shapes_basic_convex_shape_semicircle.png,"A close-up of round keys on a vintage typewriter, where the arrangement of the keys and their shadows subtly form the shape of a semicircle, emerging through the spacing and alignment of the letters and metal rings.","Modify the alignment of the typewriter keys and the surrounding shadows to subtly form the shape of a semicircle, blending it naturally with the existing arrangement of the keys."
175,Directional Texture,Lava lamp wax bubbles.,076_directional_texture.png,Geometry & Shapes,Basic Convex Shape,the shape of a semicircle,044_geometry_and_shapes_basic_convex_shape_semicircle.png,"A lava lamp with gently floating wax bubbles, where the arrangement and movement of the wax subtly form a smooth, emerging semicircle shape within the shifting colors and textures.","Bend the flow of the wax bubbles and their movements to subtly form the shape of a semicircle, blending with the natural liquid contours."
176,Low-Frequency Smooth Texture,Smooth concrete wall with soft spotlight.,108_low_frequency_smooth_texture.png,Geometry & Shapes,Basic Convex Shape,the shape of a semicircle,044_geometry_and_shapes_basic_convex_shape_semicircle.png,"A smooth concrete wall illuminated by a soft spotlight, where the interplay of light and shadow subtly forms the emergent shape of a faint semicircle, as if cast by an unseen object.","Subtly adjust the shading on the concrete wall to create a faint, barely visible impression of a semicircle, using the existing light and shadow play."
177,High-Frequency Texture,Old stone wall covered in climbing ivy.,013_high_frequency_texture.png,Geometry & Shapes,Basic Convex Shape,the shape of an annulus,045_geometry_and_shapes_basic_convex_shape_annulus.png,"An old stone wall covered in climbing ivy, where the intertwining vines and gaps between the weathered stones subtly form the illusion of an annulus, its circular shape emerging through the natural patterns of the foliage and stonework.","Subtly rearrange the ivy and stone textures to form the faint shape of an annulus, using the natural lines and shadows in the wall without introducing any new elements."
178,Structured Texture,Aerial view of a city grid.,045_structured_texture.png,Geometry & Shapes,Basic Convex Shape,the shape of an annulus,045_geometry_and_shapes_basic_convex_shape_annulus.png,"An aerial view of a city grid, where the arrangement of roads, intersections, and building outlines subtly forms the illusion of an annulus, with the patterns of streets and empty spaces creating a faint, circular ring shape in the heart of the city.","Modify the alignment of the streets and buildings in the city grid to subtly form the shape of an annulus, without adding any new elements."
179,Directional Texture,Reflection in a shattered mirror.,077_directional_texture.png,Geometry & Shapes,Basic Convex Shape,the shape of an annulus,045_geometry_and_shapes_basic_convex_shape_annulus.png,"A shattered mirror reflecting fragments of light and color, where the jagged edges and reflective surfaces subtly align to form the faint, illusionary shape of an annulus, as if emerging from the broken shards themselves.","Alter the cracks and reflections in the shattered mirror to subtly bend and distort the lines, forming the faint shape of an annulus without introducing new elements."
180,Low-Frequency Smooth Texture,A large pool of white milk with gentle waves.,109_low_frequency_smooth_texture.png,Geometry & Shapes,Basic Convex Shape,the shape of an annulus,045_geometry_and_shapes_basic_convex_shape_annulus.png,"A large pool of white milk with gentle, rippling waves, where the subtle undulations of the surface and the patterns of light and shadow create a faint, illusionary shape of an annulus, as if emerging from the flowing texture of the liquid.","Subtly adjust the gentle waves and ripples on the surface of the milk to create a faint, circular impression resembling an annulus, using subtle shading and slight curvature."
181,High-Frequency Texture,Turbulent ocean waves with white foam.,014_high_frequency_texture.png,Geometry & Shapes,Basic Convex Shape,the shape of a capsule,046_geometry_and_shapes_basic_convex_shape_capsule_shape.png,"Turbulent ocean waves crashing against each other, with the foamy white water and undulating currents subtly arranging themselves to form the illusionary shape of a capsule, emerging from the chaos of the sea.","Subtly rearrange the foam and the turbulence of the ocean waves to faintly form the shape of a capsule, using the existing wave patterns and foam as the structure."
182,Structured Texture,Japanese Tatami room with Shoji doors.,046_structured_texture.png,Geometry & Shapes,Basic Convex Shape,the shape of a capsule,046_geometry_and_shapes_basic_convex_shape_capsule_shape.png,"A serene Japanese Tatami room with Shoji doors, where the interplay of light filtering through the paper screens and the subtle patterns of the tatami mats gently create the illusion of a capsule shape, emerging from the negative space and shadows.",Modify the wooden lattice pattern of the Shoji doors to subtly create a geometric form that faintly resembles the shape of a capsule.
183,Directional Texture,Low poly 3D landscape.,078_directional_texture.png,Geometry & Shapes,Basic Convex Shape,the shape of a capsule,046_geometry_and_shapes_basic_convex_shape_capsule_shape.png,"A low poly 3D landscape with sharp angular mountains and blocky terrain, where the arrangement of geometric shapes and gradients subtly form the emergent silhouette of a capsule, as if carved from the land itself.","Alter the angular lines and slopes of the low poly terrain to subtly form the shape of a capsule, blending with the existing structure of the landscape."
184,Low-Frequency Smooth Texture,Snow-covered smooth rolling roof.,110_low_frequency_smooth_texture.png,Geometry & Shapes,Basic Convex Shape,the shape of a capsule,046_geometry_and_shapes_basic_convex_shape_capsule_shape.png,"A snow-covered smooth rolling roof, where the gentle curves of the snowdrifts and the subtle shifts in texture create a faint, emerging shape that subtly suggests the outline of a capsule.",Subtly alter the smooth curves of the snow on the roof to create a barely visible impression of a capsule shape through gentle shading and contouring.
185,High-Frequency Texture,Green plant cells under a microscope.,015_high_frequency_texture.png,Geometry & Shapes,Basic Convex Shape,the shape of a sector (pie slice),047_geometry_and_shapes_basic_convex_shape_sector.png,"A close-up view of green plant cells under a microscope, where the cellular structures and the arrangement of chloroplasts subtly form the faint illusion of a sector or pie slice, emerging through the natural patterns of the plant tissue.","Subtly rearrange the existing cell boundaries, chloroplast speckles, and microscopic noise so their distribution faintly forms the outline of a sector (pie-slice) shape, using only the natural textures and density variations of the plant cells without adding new elements."
186,Structured Texture,Server racks in a data center.,047_structured_texture.png,Geometry & Shapes,Basic Convex Shape,the shape of a sector (pie slice),047_geometry_and_shapes_basic_convex_shape_sector.png,"A vast network of server racks in a data center, where the arrangement of rows of servers and the interplay of shadows and light subtly form the emergent shape of a sector, resembling a pie slice, within the grid of machines.","Modify the alignment and spacing of the server rack grid lines, panel seams, and indicator light patterns to subtly converge into a faint pie-slice (sector) shape, using only existing vertical lines, reflections, and shadows so the form remains barely perceptible and disguised within the structured layout."
187,Directional Texture,Colorful stained glass light spots.,079_directional_texture.png,Geometry & Shapes,Basic Convex Shape,the shape of a sector (pie slice),047_geometry_and_shapes_basic_convex_shape_sector.png,"A vibrant scene of colorful stained glass light spots, where the interplay of light and shadow subtly arranges the glass fragments and reflections to create the faint, emergent shape of a sector, like a pie slice, within the intricate pattern.","Alter the flow and direction of the stained glass light spots to subtly suggest the shape of a sector, like a pie slice, without adding new elements."
188,Low-Frequency Smooth Texture,Smooth ceramic surface with soft diffuse light reflections.,111_low_frequency_smooth_texture.png,Geometry & Shapes,Basic Convex Shape,the shape of a sector (pie slice),047_geometry_and_shapes_basic_convex_shape_sector.png,"A smooth ceramic surface with soft, diffuse light reflections, where the play of light and subtle shading creates a faint, illusionary shape resembling a sector, or pie slice, emerging from the surrounding surface.","Subtly adjust the existing soft reflections and gentle shading on the ceramic surface to faintly suggest the outline of a sector (pie-slice) shape, using only gradual light and shadow variations so the form remains barely visible and disguised within the smooth surface."
189,High-Frequency Texture,A pile of colorful LEGO bricks.,016_high_frequency_texture.png,Geometry & Shapes,Basic Convex Shape,the shape of a chevron,048_geometry_and_shapes_basic_convex_shape_chevron.png,"A vibrant pile of scattered colorful LEGO bricks, where the arrangement of shapes and subtle gaps between the pieces inadvertently form a faint, optical illusion of a chevron pattern emerging through the chaos.","Subtly rearrange the colorful LEGO bricks and their shadows to form a faint, almost imperceptible chevron shape without adding new pieces."
190,Structured Texture,Brick sidewalk with herringbone pattern.,048_structured_texture.png,Geometry & Shapes,Basic Convex Shape,the shape of a chevron,048_geometry_and_shapes_basic_convex_shape_chevron.png,"A brick sidewalk with a herringbone pattern, where the arrangement of the bricks and the subtle play of light and shadow creates the emergent shape of a chevron, blending seamlessly into the texture of the pavement.",Modify the alignment of the brick pattern to subtly form the shape of a chevron without adding new elements.
191,Directional Texture,Silk fabric blowing in wind.,080_directional_texture.png,Geometry & Shapes,Basic Convex Shape,the shape of a chevron,048_geometry_and_shapes_basic_convex_shape_chevron.png,"A delicate silk fabric billowing gently in the wind, where the folds and creases subtly align and create the faint, illusionary shape of a chevron, formed by the interplay of light and shadow on the flowing material.",Bend the flow of the silk fabric and adjust the wind-induced wrinkles to subtly form the shape of a chevron without altering the overall fabric texture.
192,Low-Frequency Smooth Texture,Undulating smooth matte clay surface.,112_low_frequency_smooth_texture.png,Geometry & Shapes,Basic Convex Shape,the shape of a chevron,048_geometry_and_shapes_basic_convex_shape_chevron.png,"An undulating smooth matte clay surface, where the subtle play of light and shadow across the curves and folds creates a faint, emergent illusion of a chevron shape within the texture.",Subtly adjust the smooth matte clay surface to create faint shading and subtle undulations that suggest the shape of a chevron without altering the overall texture.
193,High-Frequency Texture,Pine forest in a heavy snowstorm.,017_high_frequency_texture.png,Geometry & Shapes,Complex Concave Shape & Icon,the shape of a star,049_geometry_and_shapes_complex_concave_shape_and_icon_star.png,"A pine forest blanketed in a heavy snowstorm, where the swirling snowflakes and the arrangement of tree branches in the storm subtly form the outline of a star, emerging through the haze and flurries of the blizzard.",Subtly rearrange the falling snowflakes and the scattered pine needles to faintly form the shape of a star without adding any new objects.
194,Structured Texture,Construction scaffolding grid.,049_structured_texture.png,Geometry & Shapes,Complex Concave Shape & Icon,the shape of a star,049_geometry_and_shapes_complex_concave_shape_and_icon_star.png,"A complex construction scaffolding grid, where the crisscrossing metal beams and the interplay of light and shadow subtly form the faint, emergent shape of a star within the structure.","Modify the alignment and spacing of the existing scaffolding bars so their grid subtly converges and diverges to form a faint star shape, using only the current structural lines and intersections without adding new elements."
195,Directional Texture,Abstract fractal geometric pattern.,081_directional_texture.png,Geometry & Shapes,Complex Concave Shape & Icon,the shape of a star,049_geometry_and_shapes_complex_concave_shape_and_icon_star.png,"An intricate abstract fractal geometric pattern, where the overlapping lines and vibrant colors subtly arrange themselves in a way that forms the faint, emergent shape of a star, almost hidden within the complexity of the design.","Bend the flow of the fractal lines and shapes to subtly suggest the form of a star, blending it seamlessly into the existing pattern."
196,Low-Frequency Smooth Texture,Polished concrete floor with blurred reflections.,113_low_frequency_smooth_texture.png,Geometry & Shapes,Complex Concave Shape & Icon,the shape of a star,049_geometry_and_shapes_complex_concave_shape_and_icon_star.png,"A polished concrete floor with soft, blurred reflections, where the interplay of light and shadow subtly forms the faint, emergent silhouette of a star, almost hidden in the shifting patterns of the surface.","Alter the subtle shading and lighting on the polished concrete floor to discreetly form the faint outline of a star, blending seamlessly with the reflections."
197,High-Frequency Texture,A close-up pile of dark coffee beans.,018_high_frequency_texture.png,Geometry & Shapes,Complex Concave Shape & Icon,the shape of a heart,050_geometry_and_shapes_complex_concave_shape_and_icon_heart.png,"A close-up pile of dark coffee beans, where the natural arrangement and subtle negative spaces between the beans form a faint, subliminal shape resembling a heart.","Subtly rearrange the existing coffee beans and their highlights so the clusters of beans faintly form the silhouette of a heart, using only the natural texture, spacing, and shadows without adding new elements."
198,Structured Texture,Metal pipes of a church organ.,050_structured_texture.png,Geometry & Shapes,Complex Concave Shape & Icon,the shape of a heart,050_geometry_and_shapes_complex_concave_shape_and_icon_heart.png,"A close-up view of the intricate metal pipes of a church organ, where the arrangement of pipes and their reflective surfaces subtly form the faint, emergent shape of a heart, visible only through the interplay of light and shadow.","Modify the alignment and grid of the metal pipes to subtly form the shape of a heart, without introducing new objects."
199,Directional Texture,Thermal camera view of a city.,082_directional_texture.png,Geometry & Shapes,Complex Concave Shape & Icon,the shape of a heart,050_geometry_and_shapes_complex_concave_shape_and_icon_heart.png,"A thermal camera view of a bustling city at night, where the varying heat patterns and gradients subtly blend to form the faint, emergent silhouette of a heart in the middle of the urban landscape.","Subtly alter the directional flow of the thermal heat gradients and street-aligned heat patterns so they gently bend and converge to faintly suggest the outline of a heart shape, using only existing temperature contrasts and without adding new elements."
200,Low-Frequency Smooth Texture,White plaster sphere with soft shading.,114_low_frequency_smooth_texture.png,Geometry & Shapes,Complex Concave Shape & Icon,the shape of a heart,050_geometry_and_shapes_complex_concave_shape_and_icon_heart.png,"A smooth white plaster sphere with soft shading, where the subtle interplay of light and shadow gently forms the faint, illusionary shape of a heart, emerging from the contours of the surface.","Subtly adjust the soft shading and light gradients on the plaster sphere to gently form the faint outline of a heart shape, blending seamlessly with the existing texture."
201,High-Frequency Texture,A crowded music festival audience.,019_high_frequency_texture.png,Geometry & Shapes,Complex Concave Shape & Icon,the shape of a crescent moon,051_geometry_and_shapes_complex_concave_shape_and_icon_crescent_moon.png,"A vibrant and crowded music festival audience, where the arrangement of heads, arms, and illuminated stages subtly casts shadows and forms a faint, subliminal silhouette of a crescent moon in the night sky.",Subtly rearrange the crowd's heads and the movement of people to faintly form the shape of a crescent moon without adding new objects.
202,Structured Texture,Top-down view of a spiral staircase.,051_structured_texture.png,Geometry & Shapes,Complex Concave Shape & Icon,the shape of a crescent moon,051_geometry_and_shapes_complex_concave_shape_and_icon_crescent_moon.png,"A top-down view of a spiral staircase, where the arrangement of steps and the shadows cast by the railings subtly form the illusion of a crescent moon, emerging from the curves and negative space within the spiral.","Modify the alignment of the stair treads and railings to subtly form the shape of a crescent moon, blending seamlessly with the existing structure of the staircase."
203,Directional Texture,Vaporwave sunset with grid.,083_directional_texture.png,Geometry & Shapes,Complex Concave Shape & Icon,the shape of a crescent moon,051_geometry_and_shapes_complex_concave_shape_and_icon_crescent_moon.png,"A vaporwave sunset with a grid stretching into the horizon, where the gradient colors of pink, purple, and orange subtly form the shape of a crescent moon in the sky, created by the arrangement of the grid lines and the fading light.","Alter the flow of the grid lines and their subtle shading to suggest the faint shape of a crescent moon within the sunset scene, without adding new elements."
204,Low-Frequency Smooth Texture,Abstract green bokeh background.,115_low_frequency_smooth_texture.png,Geometry & Shapes,Complex Concave Shape & Icon,the shape of a crescent moon,051_geometry_and_shapes_complex_concave_shape_and_icon_crescent_moon.png,"An abstract green bokeh background, where the soft, blurred light spots and gradients subtly converge and overlap, forming the faint, illusionary shape of a crescent moon through the play of light and shadow.","Subtly adjust the green bokeh lights and their smooth gradients to create a faint, barely visible outline resembling the shape of a crescent moon."
205,High-Frequency Texture,Messy stacks of old books and papers.,020_high_frequency_texture.png,Geometry & Shapes,Complex Concave Shape & Icon,the shape of a greek cross,052_geometry_and_shapes_complex_concave_shape_and_icon_cross.png,"A chaotic stack of old books and papers, where the scattered pages and worn spines subtly align, creating a hidden shape that resembles a Greek cross, emerging from the disordered piles through negative space and the arrangement of overlapping textures.","Subtly rearrange the scattered papers and book edges to faintly form the shape of a Greek cross, using existing lines and textures without adding new objects."
206,Structured Texture,Industrial pipelines in a factory.,052_structured_texture.png,Geometry & Shapes,Complex Concave Shape & Icon,the shape of a greek cross,052_geometry_and_shapes_complex_concave_shape_and_icon_cross.png,"An industrial factory filled with complex pipelines, where the arrangement of metal tubes, valves, and shadows subtly forms the faint silhouette of a Greek cross, emerging from the intersecting lines and pipes.","Modify the alignment of the industrial pipelines and their shadows to subtly form the shape of a Greek cross, without adding new elements."
207,Directional Texture,Rough charcoal portrait sketch.,084_directional_texture.png,Geometry & Shapes,Complex Concave Shape & Icon,the shape of a greek cross,052_geometry_and_shapes_complex_concave_shape_and_icon_cross.png,"A rough charcoal portrait sketch where the shading and uneven strokes of the face subtly create the faint, emergent shape of a Greek cross through negative space and the arrangement of shadowed lines.","Subtly bend and alter the shading and line flow in the charcoal sketch to faintly suggest the shape of a Greek cross, without adding new lines or shapes."
208,Low-Frequency Smooth Texture,Soft melting candle wax flow.,116_low_frequency_smooth_texture.png,Geometry & Shapes,Complex Concave Shape & Icon,the shape of a greek cross,052_geometry_and_shapes_complex_concave_shape_and_icon_cross.png,"Soft melting candle wax flowing gently, where the curves and drips of wax subtly arrange themselves to create the faint silhouette of a Greek cross, emerging from the fluid texture and shadow play.","Subtly adjust the flow of the melting candle wax, using gentle shading and smooth curves to form a barely visible outline of a Greek cross."
209,High-Frequency Texture,Dry cracked earth texture.,021_high_frequency_texture.png,Geometry & Shapes,Complex Concave Shape & Icon,the shape of an arrow,053_geometry_and_shapes_complex_concave_shape_and_icon_arrow.png,"A dry, cracked earth texture where the fissures and angular patterns subtly arrange themselves, creating a faint, illusionary shape of an arrow pointing towards the horizon.","Subtly rearrange the cracks and patterns in the dry earth to faintly form the shape of an arrow, using the existing fissures and textures without adding new elements."
210,Structured Texture,Chain-link fence texture.,053_structured_texture.png,Geometry & Shapes,Complex Concave Shape & Icon,the shape of an arrow,053_geometry_and_shapes_complex_concave_shape_and_icon_arrow.png,"A chain-link fence texture, where the arrangement of intersecting metal wires and the play of light and shadow subtly form the illusion of an arrow pointing through the mesh.","Modify the alignment and spacing of the chain-link fence pattern to subtly distort the grid so that the intersecting wires faintly form the shape of an arrow, using only the existing links and shadows without adding new elements."
211,Directional Texture,Psychedelic kaleidoscope pattern.,085_directional_texture.png,Geometry & Shapes,Complex Concave Shape & Icon,the shape of an arrow,053_geometry_and_shapes_complex_concave_shape_and_icon_arrow.png,"A vibrant psychedelic kaleidoscope pattern, where the intricate, shifting shapes and colors subtly converge in a way that creates the illusion of an arrow, hidden within the mesmerizing symmetry.","Bend the flow of the kaleidoscope pattern's lines to subtly form the shape of an arrow, ensuring the illusion is barely visible within the existing design."
212,Low-Frequency Smooth Texture,Curved white concrete architecture.,117_low_frequency_smooth_texture.png,Geometry & Shapes,Complex Concave Shape & Icon,the shape of an arrow,053_geometry_and_shapes_complex_concave_shape_and_icon_arrow.png,"A series of curved white concrete architectural forms, where the flowing lines and negative space subtly converge to create the illusion of an arrow pointing towards the horizon.","Subtly adjust the smooth curves of the concrete to create a faint, barely visible arrow shape using gentle shading and light transitions."
213,High-Frequency Texture,Aerial view of sheep on a grassland.,022_high_frequency_texture.png,Geometry & Shapes,Complex Concave Shape & Icon,the shape of a lightning bolt,054_geometry_and_shapes_complex_concave_shape_and_icon_lightning_bolt.png,"An aerial view of a vast grassland dotted with grazing sheep, where the arrangement of the flock and the natural patterns of the terrain subtly form the faint, emergent silhouette of a lightning bolt.","Subtly rearrange the sheep and their shadows on the grassland to faintly form the shape of a lightning bolt, without adding new objects."
214,Structured Texture,Traditional tiled roof rows.,054_structured_texture.png,Geometry & Shapes,Complex Concave Shape & Icon,the shape of a lightning bolt,054_geometry_and_shapes_complex_concave_shape_and_icon_lightning_bolt.png,"Rows of traditional tiled roofs, where the interplay of the tiles' angles and the subtle shadows between them creates a faint, emergent silhouette of a lightning bolt streaking across the scene.",Alter the alignment of the roof tiles and the subtle gaps between them to create a faint geometric pattern that resembles the shape of a lightning bolt.
215,Directional Texture,Flowing liquid metal surface.,086_directional_texture.png,Geometry & Shapes,Complex Concave Shape & Icon,the shape of a lightning bolt,054_geometry_and_shapes_complex_concave_shape_and_icon_lightning_bolt.png,"A flowing liquid metal surface, where the shimmering reflections and ripples of the molten metal subtly align to form the jagged, fleeting silhouette of a lightning bolt.",Alter the flow and directional lines of the liquid metal to subtly suggest the shape of a lightning bolt without introducing new elements.
216,Low-Frequency Smooth Texture,Soft beige matte silk fabric folds with gentle gradients.,118_low_frequency_smooth_texture.png,Geometry & Shapes,Complex Concave Shape & Icon,the shape of a lightning bolt,054_geometry_and_shapes_complex_concave_shape_and_icon_lightning_bolt.png,"Soft beige matte silk fabric with gentle folds and subtle gradients, where the play of light and shadow across the folds forms an emergent, abstract silhouette of a lightning bolt.","Subtly adjust the existing shading and lighting along the silk fabric folds to faintly trace a lightning bolt shape, using barely perceptible gradients and highlights disguised within the natural drape of the fabric without adding any new elements."
217,High-Frequency Texture,Shattered colorful glass shards.,023_high_frequency_texture.png,Geometry & Shapes,Complex Concave Shape & Icon,a cloud icon shape,055_geometry_and_shapes_complex_concave_shape_and_icon_cloud_shape.png,"A chaotic scattering of shattered colorful glass shards, where the arrangement of fragmented pieces and the interplay of light and reflections subtly form the illusion of a cloud icon shape emerging from the chaos.","Subtly rearrange the shattered glass shards and their reflections to form a faint, subliminal cloud icon shape without introducing any new elements."
218,Structured Texture,Geometric glass dome structure.,055_structured_texture.png,Geometry & Shapes,Complex Concave Shape & Icon,a cloud icon shape,055_geometry_and_shapes_complex_concave_shape_and_icon_cloud_shape.png,"A geometric glass dome structure with transparent, angular panels reflecting light and casting intricate shadows, where the interplay of reflections and negative space subtly forms the shape of a cloud icon in the center.",Modify the grid lines of the glass dome structure to subtly align and bend in a way that hints at the shape of a cloud icon without introducing new elements.
219,Directional Texture,8-bit pixel art landscape.,087_directional_texture.png,Geometry & Shapes,Complex Concave Shape & Icon,a cloud icon shape,055_geometry_and_shapes_complex_concave_shape_and_icon_cloud_shape.png,"An 8-bit pixel art landscape, where the arrangement of clouds and sky in the pixel grid subtly forms the shape of a cloud icon, emerging through the blocky patterns and negative space.","Subtly adjust the pixel patterns in the sky area to bend the flow of the colors and shapes, creating a faint cloud icon shape within the landscape, without adding new pixels."
220,Low-Frequency Smooth Texture,Smooth rolling hills covered in snow.,119_low_frequency_smooth_texture.png,Geometry & Shapes,Complex Concave Shape & Icon,a cloud icon shape,055_geometry_and_shapes_complex_concave_shape_and_icon_cloud_shape.png,"Smooth rolling hills covered in snow, where the gentle curves of the landscape and soft shadows subtly form the outline of a cloud icon, emerging through the texture of the snow and the interplay of light and shadow.","Subtly adjust the smooth shading on the snow-covered hills to faintly resemble the shape of a cloud icon, blending it naturally with the existing terrain."
221,High-Frequency Texture,Old TV static noise screen.,024_high_frequency_texture.png,Geometry & Shapes,Complex Concave Shape & Icon,a checkmark symbol,056_geometry_and_shapes_complex_concave_shape_and_icon_checkmark.png,"An old TV static noise screen, where the flickering pixels and random patterns of black and white noise subtly align to form the faint, emergent shape of a checkmark symbol.","Subtly rearrange the existing static noise and grain patterns so the random speckles faintly align into the silhouette of a checkmark, using only the natural variation of the static without adding new shapes."
222,Structured Texture,Rows of purple lavender fields.,056_structured_texture.png,Geometry & Shapes,Complex Concave Shape & Icon,a checkmark symbol,056_geometry_and_shapes_complex_concave_shape_and_icon_checkmark.png,"Rows of vibrant purple lavender fields stretching across the landscape, where the natural lines of the plants and the subtle interplay of light and shadows create a faint, emergent checkmark symbol subtly hidden within the pattern of the rows.",Modify the alignment of the lavender rows and their pattern to subtly form the shape of a checkmark symbol.
223,Directional Texture,Impressionist sunrise painting.,088_directional_texture.png,Geometry & Shapes,Complex Concave Shape & Icon,a checkmark symbol,056_geometry_and_shapes_complex_concave_shape_and_icon_checkmark.png,"An Impressionist sunrise painting, where the soft, colorful brushstrokes of warm oranges and cool blues subtly converge and blend, casting a faint, emergent checkmark symbol in the way the light and shadows interact across the sky and horizon.","Subtly alter the directional flow of the sunrise brushstrokes and light gradients so their curves and alignment faintly suggest a checkmark symbol, using only the existing paint textures and color transitions."
224,Low-Frequency Smooth Texture,Soft white duvet with gentle flowing undulations.,120_low_frequency_smooth_texture.png,Geometry & Shapes,Complex Concave Shape & Icon,a checkmark symbol,056_geometry_and_shapes_complex_concave_shape_and_icon_checkmark.png,"A soft white duvet with gentle flowing undulations, where the folds and creases subtly arrange themselves to create the faint, emergent shape of a checkmark symbol through the interplay of light and shadow.",Subtly adjust the flowing folds of the duvet and the play of light and shadows to faintly form the shape of a checkmark symbol without introducing any new patterns.
225,High-Frequency Texture,Intricate Persian carpet pattern.,025_high_frequency_texture.png,Geometry & Shapes,Complex Concave Shape & Icon,a question mark symbol,057_geometry_and_shapes_complex_concave_shape_and_icon_question_mark.png,"An intricate Persian carpet pattern, where the detailed motifs and delicate lines subtly arrange themselves, creating a faint, emergent question mark shape formed through negative space and intricate weaving.","Subtly rearrange the intricate patterns and details of the Persian carpet to form a faint question mark symbol, using the existing lines and textures without adding new elements."
226,Structured Texture,Supermarket shelves with products.,057_structured_texture.png,Geometry & Shapes,Complex Concave Shape & Icon,a question mark symbol,057_geometry_and_shapes_complex_concave_shape_and_icon_question_mark.png,"Supermarket shelves filled with an array of neatly arranged products, where the subtle gaps between items, shadows, and the alignment of labels and bottles create a faint, subliminal illusion of a question mark symbol.","Subtly modify the alignment of product rows, shelf edges, and gaps between items to create a disguised, barely visible question mark shape, using only the existing grid-like structure of the supermarket shelves without adding new elements."
227,Directional Texture,Long exposure traffic light trails.,089_directional_texture.png,Geometry & Shapes,Complex Concave Shape & Icon,a question mark symbol,057_geometry_and_shapes_complex_concave_shape_and_icon_question_mark.png,"A long exposure photograph of traffic light trails, where the vibrant streams of red and white lights intertwine and curve, subtly forming the faint, emergent shape of a question mark in the center of the image.",Bend the flow of the traffic light trails and their directional patterns to subtly form the shape of a question mark without altering the overall movement.
228,Low-Frequency Smooth Texture,Soft hazy smoke rising and swirling in dark background.,121_low_frequency_smooth_texture.png,Geometry & Shapes,Complex Concave Shape & Icon,a question mark symbol,057_geometry_and_shapes_complex_concave_shape_and_icon_question_mark.png,"Soft hazy smoke rising and swirling against a dark background, where the tendrils of mist subtly coil and twist, forming the faint, emergent silhouette of a question mark symbol.",Subtly alter the flow and shading of the smoke to create a faint and barely visible impression of a question mark symbol.
229,High-Frequency Texture,Raging fire flames and sparks.,026_high_frequency_texture.png,Geometry & Shapes,Complex Concave Shape & Icon,a musical note symbol,058_geometry_and_shapes_complex_concave_shape_and_icon_musical_note.png,"A chaotic scene of raging fire flames and flying sparks, where the twisting tendrils of flame and the swirling patterns of embers subtly form the faint, emergent shape of a musical note symbol within the inferno.",Subtly rearrange the flames and sparks to faintly form the shape of a musical note symbol without introducing new objects.
230,Structured Texture,Black and white crosswalk stripes.,058_structured_texture.png,Geometry & Shapes,Complex Concave Shape & Icon,a musical note symbol,058_geometry_and_shapes_complex_concave_shape_and_icon_musical_note.png,"A black and white crosswalk with bold, contrasting stripes, where the varying thickness and gaps between the lines subtly create the emergent silhouette of a musical note symbol, hidden within the rhythmic pattern of the stripes.","Modify the alignment and spacing of the existing black and white crosswalk stripes to subtly form a faint musical note symbol, using only the current stripe geometry and contrast so the shape is barely visible and disguised within the pattern."
231,Directional Texture,Melted flowing crayon colors.,090_directional_texture.png,Geometry & Shapes,Complex Concave Shape & Icon,a musical note symbol,058_geometry_and_shapes_complex_concave_shape_and_icon_musical_note.png,"A vibrant, melted flow of crayon colors blending together in a dynamic swirl, where the gradients and curves of the wax subtly form the shape of a musical note symbol, hidden within the fluid motion of the hues.","Alter the flow and direction of the melted crayon colors to subtly suggest the shape of a musical note, using the existing lines and gradients to form the outline."
232,Low-Frequency Smooth Texture,Surface of melted chocolate with swirls.,122_low_frequency_smooth_texture.png,Geometry & Shapes,Complex Concave Shape & Icon,a musical note symbol,058_geometry_and_shapes_complex_concave_shape_and_icon_musical_note.png,"The surface of melted chocolate with smooth, rich swirls and glossy textures, where the swirling patterns and subtle highlights arrange themselves to form the faint, subliminal shape of a musical note symbol.","Subtly adjust the smooth swirls of the melted chocolate to create a faint, barely visible impression of a musical note symbol, using shading and curves in the texture."
233,High-Frequency Texture,Fluffy dandelion seeds close-up.,027_high_frequency_texture.png,Geometry & Shapes,Complex Concave Shape & Icon,a Yin-Yang symbol,059_geometry_and_shapes_complex_concave_shape_and_icon_taiji.png,"A close-up of fluffy dandelion seeds, where the delicate wisps and subtle patterns of the seed clusters gently form the faint, emerging shape of a Yin-Yang symbol through the interplay of light, shadow, and negative space.","Subtly rearrange the dandelion seeds and their wispy trails to faintly form the shape of a Yin-Yang symbol, without introducing any new elements."
234,Structured Texture,Rows of stadium seats.,059_structured_texture.png,Geometry & Shapes,Complex Concave Shape & Icon,a Yin-Yang symbol,059_geometry_and_shapes_complex_concave_shape_and_icon_taiji.png,"Rows of empty stadium seats arranged in a symmetrical pattern, where the subtle interplay of shadows and light between the seats creates a subliminal illusion of a Yin-Yang symbol emerging in the negative space.","Modify the alignment of the stadium seats and their repetitive patterns to subtly create the shape of a Yin-Yang symbol, using the existing arrangement of rows and shadows."
235,Directional Texture,Cyanotype blue plant print.,091_directional_texture.png,Geometry & Shapes,Complex Concave Shape & Icon,a Yin-Yang symbol,059_geometry_and_shapes_complex_concave_shape_and_icon_taiji.png,"A cyanotype blue plant print, where the intricate patterns of leaves and stems, combined with the subtle play of light and shadows, form a subliminal, emergent Yin-Yang symbol within the natural composition of the print.","Bend the flowing lines and curves of the plant print to subtly form the shapes of a Yin-Yang symbol, keeping it faint and integrated within the existing patterns."
236,Low-Frequency Smooth Texture,Blurred view through frosted glass.,123_low_frequency_smooth_texture.png,Geometry & Shapes,Complex Concave Shape & Icon,a Yin-Yang symbol,059_geometry_and_shapes_complex_concave_shape_and_icon_taiji.png,"A blurred view through frosted glass, where the soft distortions of light and shadow subtly converge to form the faint, emergent shape of a Yin-Yang symbol, suggested by the interplay of frosted textures and negative space.",Subtly adjust the frosted patterns and light reflections on the glass to create a barely visible impression of a Yin-Yang symbol.
237,High-Frequency Texture,Tangled colorful yarn balls.,028_high_frequency_texture.png,Geometry & Shapes,Complex Concave Shape & Icon,a wifi symbol,060_geometry_and_shapes_complex_concave_shape_and_icon_wifi_symbol.png,"A collection of tangled, colorful yarn balls, where the interwoven strands and loops subtly form the faint, emerging outline of a WiFi symbol through their arrangement and the play of light and shadow.","Subtly rearrange the overlapping strands and color clusters of the tangled yarn balls so the existing threads and shadows faintly form the curved arcs and dot of a Wi-Fi symbol, disguised within the natural chaos of the yarn without adding new elements."
238,Structured Texture,Woven wicker basket texture.,060_structured_texture.png,Geometry & Shapes,Complex Concave Shape & Icon,a wifi symbol,060_geometry_and_shapes_complex_concave_shape_and_icon_wifi_symbol.png,"A woven wicker basket texture, where the intricate patterns of interlacing fibers subtly form the illusion of a wifi symbol through the negative space and the play of light and shadow.","Alter the alignment of the woven wicker strands to subtly form the pattern of a wifi symbol, ensuring it is barely visible within the existing texture."
239,Directional Texture,Digital glitch art texture.,092_directional_texture.png,Geometry & Shapes,Complex Concave Shape & Icon,a wifi symbol,060_geometry_and_shapes_complex_concave_shape_and_icon_wifi_symbol.png,"A digital glitch art texture filled with fragmented, pixelated distortions and erratic color shifts, where the chaos of broken pixels and disjointed lines subtly forms the emergent silhouette of a Wi-Fi symbol.","Alter the direction and flow of the glitch lines to subtly form the shape of a wifi symbol, blending it seamlessly with the existing texture."
240,Low-Frequency Smooth Texture,Thick flowing honey texture backlit with soft glow.,124_low_frequency_smooth_texture.png,Geometry & Shapes,Complex Concave Shape & Icon,a wifi symbol,060_geometry_and_shapes_complex_concave_shape_and_icon_wifi_symbol.png,"A thick, flowing honey texture backlit with a soft, golden glow, where the interplay of light and the fluid contours of the honey subtly form the emergent, subliminal outline of a Wi-Fi symbol.","Subtly adjust the flow of the honey and its soft glow to faintly form the shape of a Wi-Fi symbol, blending it seamlessly with the natural texture."
241,High-Frequency Texture,Peeling paint on an old wooden wall.,029_high_frequency_texture.png,Geometry & Shapes,Complex Concave Shape & Icon,a spade symbol (playing card suit),061_geometry_and_shapes_complex_concave_shape_and_icon_spade.png,"An old wooden wall with peeling paint, where the faded, cracked layers of wood and chipped paint subtly align to create a faint, illusionary spade symbol, emerging from the textures and negative space of the surface.","Subtly rearrange the peeling paint and wood grain to faintly form the outline of a spade symbol, using existing textures and shadows without adding new elements."
242,Structured Texture,Parallel lines of a radiator grille.,061_structured_texture.png,Geometry & Shapes,Complex Concave Shape & Icon,a spade symbol (playing card suit),061_geometry_and_shapes_complex_concave_shape_and_icon_spade.png,"A series of parallel lines forming a radiator grille, where the spacing and subtle distortions of the metal bars and shadows create an emergent, subliminal outline of a spade symbol from a playing card.","Modify the alignment and spacing of the existing parallel grille lines to subtly suggest the outline of a spade symbol, disguising the shape within the structured pattern without adding new elements."
243,Directional Texture,Sand art flowing lines.,093_directional_texture.png,Geometry & Shapes,Complex Concave Shape & Icon,a spade symbol (playing card suit),061_geometry_and_shapes_complex_concave_shape_and_icon_spade.png,"Intricate sand art with flowing, undulating lines, where the subtle curves and negative spaces between the grains of sand form a faint, emergent spade symbol, as if revealed by the pattern of the wind.","Bend the flowing sand lines and their directional flow to subtly form the shape of a spade symbol, blending seamlessly with the existing texture."
244,Low-Frequency Smooth Texture,Solar eclipse corona soft glow.,125_low_frequency_smooth_texture.png,Geometry & Shapes,Complex Concave Shape & Icon,a spade symbol (playing card suit),061_geometry_and_shapes_complex_concave_shape_and_icon_spade.png,"A solar eclipse with a soft, radiant corona glow, where the edges of the glowing light subtly converge and form a faint, illusionary spade symbol, emerging from the interplay of shadow and light around the darkened moon.","Subtly adjust the soft glow of the solar eclipse corona to create a barely visible outline resembling a spade symbol, using the natural flow of light and shadow."
245,High-Frequency Texture,Spider web with water droplets.,030_high_frequency_texture.png,Geometry & Shapes,Complex Concave Shape & Icon,a club symbol (playing card suit),062_geometry_and_shapes_complex_concave_shape_and_icon_club.png,"A delicate spider web adorned with shimmering water droplets, where the intricate weaving of threads and the arrangement of droplets subtly form the faint, emergent shape of a club symbol from a playing card, blending seamlessly with the web's natural pattern.",Subtly rearrange the water droplets and delicate threads of the spider web to faintly form the shape of a club symbol without adding any new elements.
246,Structured Texture,Stacked newspapers side view.,062_structured_texture.png,Geometry & Shapes,Complex Concave Shape & Icon,a club symbol (playing card suit),062_geometry_and_shapes_complex_concave_shape_and_icon_club.png,"A side view of neatly stacked newspapers, where the subtle arrangement of paper folds and shadows creates an illusionary shape, forming the faint outline of a club symbol from a playing card suit.","Modify the alignment and stacking of the newspapers to subtly form the shape of a club symbol from a playing card suit, without introducing new elements."
247,Directional Texture,Alcohol ink fluid art.,094_directional_texture.png,Geometry & Shapes,Complex Concave Shape & Icon,a club symbol (playing card suit),062_geometry_and_shapes_complex_concave_shape_and_icon_club.png,"A vibrant alcohol ink fluid art composition, where the swirling colors and organic patterns subtly merge in such a way that they suggest the faint, emergent silhouette of a club symbol from a playing card, formed through the interplay of shadows and flowing ink.","Alter the flow and swirls of the ink to subtly suggest the shape of a club symbol from a playing card, using the natural directional texture of the ink without adding new elements."
248,Low-Frequency Smooth Texture,Dense white morning fog banks.,126_low_frequency_smooth_texture.png,Geometry & Shapes,Complex Concave Shape & Icon,a club symbol (playing card suit),062_geometry_and_shapes_complex_concave_shape_and_icon_club.png,"A dense morning fog bank, where the soft, misty tendrils and subtle shifts in the haze form the faint, illusionary shape of a club symbol from a playing card, emerging from the diffused light and shadow.","Subtly adjust the existing fog density and lighting gradients to faintly suggest the rounded lobes and stem of a club symbol, using barely perceptible variations in brightness within the fog without introducing any new shapes or objects."
249,High-Frequency Texture,Dense starry sky with the Milky Way.,031_high_frequency_texture.png,Geometry & Shapes,Complex Concave Shape & Icon,the shape of a cogwheel,063_geometry_and_shapes_complex_concave_shape_and_icon_cogwheel.png,"A dense starry sky filled with the Milky Way, where clusters of stars and subtle dark patches in the cosmic dust seem to align and form the faint, illusionary shape of a cogwheel amidst the vastness of space.","Subtly rearrange the stars and their patterns to faintly form the shape of a cogwheel, blending seamlessly with the existing starry sky."
250,Structured Texture,Metal steps of an escalator.,063_structured_texture.png,Geometry & Shapes,Complex Concave Shape & Icon,the shape of a cogwheel,063_geometry_and_shapes_complex_concave_shape_and_icon_cogwheel.png,"The metal steps of an escalator, where the arrangement of worn edges and subtle shadows between the steps create a faint, subliminal shape resembling the intricate teeth of a cogwheel.","Modify the alignment and pattern of the metal steps to subtly form the shape of a cogwheel, using the existing lines and textures of the escalator's surface."
251,Directional Texture,Black and white manga speed lines.,095_directional_texture.png,Geometry & Shapes,Complex Concave Shape & Icon,the shape of a cogwheel,063_geometry_and_shapes_complex_concave_shape_and_icon_cogwheel.png,"A dynamic black and white manga scene filled with sharp, radiating speed lines, where the convergence of these lines and their varying thicknesses subtly forms the emergent silhouette of a cogwheel, hidden within the motion of the lines.","Bend the flow of the manga speed lines to subtly form the shape of a cogwheel, ensuring the pattern remains coherent with the existing lines and shadows."
252,Low-Frequency Smooth Texture,Wavy smooth matte silicone surface.,127_low_frequency_smooth_texture.png,Geometry & Shapes,Complex Concave Shape & Icon,the shape of a cogwheel,063_geometry_and_shapes_complex_concave_shape_and_icon_cogwheel.png,"A wavy smooth matte silicone surface, where subtle undulations and light reflections create a soft, illusionary shape resembling the interlocking teeth of a cogwheel, emerging from the natural texture and shadows.","Subtly adjust the smooth curves and shadows on the silicone surface to create a faint impression of a cogwheel shape, without introducing new textures."
253,High-Frequency Texture,A pile of gold coins and jewelry.,032_high_frequency_texture.png,Geometry & Shapes,Complex Concave Shape & Icon,a spiral shape,064_geometry_and_shapes_complex_concave_shape_and_icon_spiral.png,"A pile of shimmering gold coins and intricate jewelry, where the arrangement of glittering pieces and the reflections of light subtly create the illusion of a spiral shape emerging from the chaos of riches.","Subtly rearrange the gold coins and jewelry to create a faint, spiral shape using the existing reflections and shadows without adding new elements."
254,Structured Texture,Hexagonal honeycomb cells.,064_structured_texture.png,Geometry & Shapes,Complex Concave Shape & Icon,a spiral shape,064_geometry_and_shapes_complex_concave_shape_and_icon_spiral.png,"A pattern of hexagonal honeycomb cells, where the arrangement of the cells and the interplay of light and shadow subtly create the illusion of a spiral shape emerging from the center, as if woven into the very structure of the honeycomb.","Modify the alignment of the hexagonal honeycomb cells to subtly bend inwards, creating the illusion of a faint spiral shape within the pattern."
255,Directional Texture,Colorful nebula gas clouds.,096_directional_texture.png,Geometry & Shapes,Complex Concave Shape & Icon,a spiral shape,064_geometry_and_shapes_complex_concave_shape_and_icon_spiral.png,"A vibrant scene of colorful nebula gas clouds, where the swirling patterns of interstellar gases and light subtly converge, forming a faint, spiraling shape in the cosmic expanse.","Alter the flow of the nebula gas clouds and their directional patterns to subtly form a spiral shape, blending with the existing swirls and colors."
256,Low-Frequency Smooth Texture,Blurred city lights bokeh.,128_low_frequency_smooth_texture.png,Geometry & Shapes,Complex Concave Shape & Icon,a spiral shape,064_geometry_and_shapes_complex_concave_shape_and_icon_spiral.png,"A blurred cityscape at night with shimmering bokeh lights, where the soft glow and overlapping circles subtly converge to form the faint, emergent silhouette of a spiral shape.","Subtly adjust the smooth transitions of the blurred lights to create a faint, swirling pattern that suggests a spiral shape without altering the bokeh itself."
257,High-Frequency Texture,A dense tropical rainforest floor with ferns.,001_high_frequency_texture.png,Rigid Objects,Vehicles,a sedan car,065_rigid_objects_vehicles_sedan_car.png,"A dense tropical rainforest floor, where the lush ferns and scattered foliage subtly arrange themselves to create a faint, emergent silhouette of a sedan car, formed by the play of shadows and negative space between the plants.","Subtly rearrange the ferns and leaves to form the faint silhouette of a sedan car, using their existing shapes and shadows without adding new objects."
258,Structured Texture,Glass facade of a modern skyscraper.,033_structured_texture.png,Rigid Objects,Vehicles,a sedan car,065_rigid_objects_vehicles_sedan_car.png,"A sleek glass facade of a modern skyscraper, where the reflections and angular patterns of the glass panels subtly align to form the faint, illusionary outline of a sedan car.","Modify the grid lines of the glass facade to subtly form the outline of a sedan car, ensuring the shape is disguised within the reflections and window divisions."
259,Directional Texture,Van Gogh style Starry Night painting.,065_directional_texture.png,Rigid Objects,Vehicles,a sedan car,065_rigid_objects_vehicles_sedan_car.png,"A Van Gogh style oil painting of a starry night, where the swirling brushstrokes of blues and yellows subtly form the silhouette of a sedan car, as the winding paths and vibrant sky merge into an illusionary shape reminiscent of the vehicle.","Alter the swirling patterns of the sky and the flow of the brushstrokes to subtly form the outline of a sedan car, blending it seamlessly into the scene without introducing new elements."
260,Low-Frequency Smooth Texture,Smooth abstract beige curves with soft shadows.,097_low_frequency_smooth_texture.png,Rigid Objects,Vehicles,a sedan car,065_rigid_objects_vehicles_sedan_car.png,"Smooth abstract beige curves with soft shadows, where the flowing lines and subtle gradients of the design unintentionally create a faint, illusionary silhouette of a sedan car.","Subtly adjust the soft shadows and curves to form a faint outline that resembles a sedan car, blending seamlessly with the existing smooth texture."
261,High-Frequency Texture,Scattered red and yellow maple leaves on grass.,002_high_frequency_texture.png,Rigid Objects,Vehicles,an airplane,066_rigid_objects_vehicles_airplane.png,"A scattered collection of red and yellow maple leaves on a patch of green grass, where the arrangement of fallen leaves and their shadows subtly form the shape of an airplane, emerging through the natural chaos of the scene.","Subtly rearrange the scattered leaves and their shadows to form the faint silhouette of an airplane, blending it with the existing textures without adding any new elements."
262,Structured Texture,Straight highway stretching to the horizon.,034_structured_texture.png,Rigid Objects,Vehicles,an airplane,066_rigid_objects_vehicles_airplane.png,"A straight highway stretching endlessly to the horizon, where the subtle curves of the road and the wispy clouds above create an optical illusion, suggesting the faint, emergent shape of an airplane soaring in the sky.","Modify the grid of road markings and the patterns of the surrounding landscape to subtly suggest the shape of an airplane, blending it with the existing textures without adding new objects."
263,Directional Texture,Traditional Chinese ink wash mountains.,066_directional_texture.png,Rigid Objects,Vehicles,an airplane,066_rigid_objects_vehicles_airplane.png,"A traditional Chinese ink wash painting of serene mountains, where the subtle interplay of mist, shadows, and sweeping brushstrokes delicately form the faint, illusionary silhouette of an airplane gliding through the peaks.","Subtly bend the flowing ink strokes and mountain ridgelines so their directional contours faintly align into the silhouette of an airplane, using existing brush lines and misty shading to disguise the form without adding any new elements."
264,Low-Frequency Smooth Texture,Pristine white snowfield with gentle slopes.,098_low_frequency_smooth_texture.png,Rigid Objects,Vehicles,an airplane,066_rigid_objects_vehicles_airplane.png,"A pristine white snowfield with gentle slopes, where the subtle interplay of shadows and light across the snow creates an illusionary shape, faintly suggesting the silhouette of an airplane in the distant horizon.","Subtly adjust the shading and contours of the snow to gently suggest the outline of an airplane, keeping the effect barely visible and integrated with the existing slopes."
265,High-Frequency Texture,A pile of fresh colorful fruits at a market.,003_high_frequency_texture.png,Rigid Objects,Vehicles,a bicycle,067_rigid_objects_vehicles_bicycle.png,"A vibrant pile of fresh, colorful fruits at a market, where the arrangement of oranges, apples, and bananas subtly forms the silhouette of a bicycle through the interplay of shadows and negative space.","Subtly rearrange the vibrant fruits and their textures to form the faint, barely visible silhouette of a bicycle, using the natural curves and shadows without adding any new objects."
266,Structured Texture,Library shelves filled with books.,035_structured_texture.png,Rigid Objects,Vehicles,a bicycle,067_rigid_objects_vehicles_bicycle.png,"A library filled with rows of bookshelves, where the arrangement of books and the play of light and shadow subtly form the outline of a bicycle, with the spines and gaps creating an emergent illusion of wheels and handlebars.","Modify the arrangement of the books and shelves to subtly create the outline of a bicycle, using the existing vertical and horizontal lines in the structure of the shelves and the books."
267,Directional Texture,Cyberpunk street with neon rain.,067_directional_texture.png,Rigid Objects,Vehicles,a bicycle,067_rigid_objects_vehicles_bicycle.png,"A vibrant cyberpunk street illuminated by neon lights, with rain softly falling and reflecting on the wet pavement. The interplay of glowing signs and puddles subtly arranges the light and shadows, creating a faint, emergent silhouette of a bicycle, formed by the negative space and distorted reflections.","Bend the flow of the neon rain and reflections on the wet street to subtly form the shape of a bicycle, using the existing light patterns and shadow distortions."
268,Low-Frequency Smooth Texture,Calm lake with subtle water ripples.,099_low_frequency_smooth_texture.png,Rigid Objects,Vehicles,a bicycle,067_rigid_objects_vehicles_bicycle.png,"A calm lake with subtle water ripples, where the gentle undulations of the water's surface and the play of light create a faint, subliminal outline of a bicycle, emerging from the reflective patterns and shadows.","Subtly adjust the water ripples and their shadows to create a faint, barely visible outline of a bicycle, blending it naturally with the surface of the lake."
269,High-Frequency Texture,Underwater coral reef with schools of fish.,004_high_frequency_texture.png,Rigid Objects,Vehicles,a truck,068_rigid_objects_vehicles_truck.png,"An underwater coral reef teeming with vibrant fish, where the natural arrangement of coral formations, ripples in the water, and schools of fish subtly align to suggest the faint silhouette of a truck, emerging from the fluid patterns and shadows.","Subtly rearrange the coral formations and schools of fish to faintly form the shape of a truck, using the natural patterns and shadows without adding new elements."
270,Structured Texture,Electronic circuit board with golden traces.,036_structured_texture.png,Rigid Objects,Vehicles,a truck,068_rigid_objects_vehicles_truck.png,"An electronic circuit board with intricate golden traces, where the arrangement of copper lines and subtle shadows within the design suggests the faint, emergent outline of a truck.","Modify the alignment of the golden traces and the grid-like pattern of the circuit board to subtly resemble the outline of a truck, without adding any new elements."
271,Directional Texture,Colorful abstract watercolor painting.,068_directional_texture.png,Rigid Objects,Vehicles,a truck,068_rigid_objects_vehicles_truck.png,"A vibrant, colorful abstract watercolor painting where the fluid blending of hues and soft brushstrokes subtly come together to form the faint, emergent silhouette of a truck, almost hidden within the swirling patterns.","Modify the flowing brushstrokes and directional swirls of the watercolor to subtly suggest the shape of a truck, using the existing color gradients and lines."
272,Low-Frequency Smooth Texture,Blue sky with soft shapeless clouds.,100_low_frequency_smooth_texture.png,Rigid Objects,Vehicles,a truck,068_rigid_objects_vehicles_truck.png,"A serene blue sky with soft, shapeless clouds drifting lazily, where the subtle arrangement of cloud formations and their interplay with the light creates the illusion of a truck's silhouette, as if hidden within the patterns of the sky.","Subtly adjust the softness and shading of the clouds to faintly suggest the outline of a truck, blending it seamlessly with the sky."
273,High-Frequency Texture,A field of blooming colorful wildflowers.,005_high_frequency_texture.png,Rigid Objects,Vehicles,a sailboat,069_rigid_objects_vehicles_sailboat.png,"A field of blooming colorful wildflowers, where the arrangement of petals and the play of light and shadow subtly form the illusion of a sailboat gliding across the horizon, as if emerging from the natural patterns of the landscape.","Subtly rearrange the petals and stems of the wildflowers, using their natural shapes and shadows, to faintly form the outline of a sailboat without adding any new objects."
274,Structured Texture,Striped shadows from window blinds.,037_structured_texture.png,Rigid Objects,Vehicles,a sailboat,069_rigid_objects_vehicles_sailboat.png,"A room with striped shadows cast by window blinds, where the alternating light and dark bands of shadow subtly form the silhouette of a sailboat, emerging from the interplay of the lines and spaces.","Alter the alignment of the striped shadows from the window blinds to subtly suggest the shape of a sailboat, using the existing lines and gradients to form its outline."
275,Directional Texture,Colorful ink smoke in water.,069_directional_texture.png,Rigid Objects,Vehicles,a sailboat,069_rigid_objects_vehicles_sailboat.png,"A vibrant display of colorful ink smoke swirling in water, where the fluid patterns of swirling hues and ripples subtly form the faint silhouette of a sailboat, emerging through the interplay of colors and negative space.","Alter the flow and direction of the ink smoke to subtly form the shape of a sailboat, using the natural curves and movement of the colors to suggest its silhouette."
276,Low-Frequency Smooth Texture,Soft diffuse shadows on a curved white wall.,101_low_frequency_smooth_texture.png,Rigid Objects,Vehicles,a sailboat,069_rigid_objects_vehicles_sailboat.png,"Soft diffuse shadows gently fall across a curved white wall, where the subtle play of light and shadow forms an illusionary silhouette of a sailboat, emerging from the contours and curves of the wall.","Subtly alter the smooth shading and light gradients on the white wall to create a faint impression of a sailboat, blending seamlessly with the existing shadows."
277,High-Frequency Texture,Rough riverbed covered with jagged rocks.,006_high_frequency_texture.png,Rigid Objects,Vehicles,a helicopter,070_rigid_objects_vehicles_helicopter.png,"A rough riverbed covered with jagged rocks, where the arrangement of stones and the interplay of shadows subtly form the outline of a helicopter, emerging from the chaotic landscape as a visual illusion.",Subtly rearrange the jagged rocks and debris along the riverbed to faintly form the shape of a helicopter without introducing new objects.
278,Structured Texture,Vertical bamboo forest stalks.,038_structured_texture.png,Rigid Objects,Vehicles,a helicopter,070_rigid_objects_vehicles_helicopter.png,"A dense vertical bamboo forest, where the tall, slender bamboo stalks are arranged in such a way that their shadows and the gaps between them subtly form the illusion of a helicopter, emerging from the interplay of light and foliage.","Modify the alignment and spacing of the bamboo stalks to subtly form the shape of a helicopter, using the natural grid of the bamboo as the basis for the illusion."
279,Directional Texture,Impasto oil painting of ocean waves.,070_directional_texture.png,Rigid Objects,Vehicles,a helicopter,070_rigid_objects_vehicles_helicopter.png,"An impasto oil painting of ocean waves, where the thick, textured brushstrokes of the crashing surf subtly form the silhouette of a helicopter, with the swirling waves creating a visual illusion of its rotors and body through the interplay of light and shadow.","Alter the flow and curves of the ocean waves to subtly suggest the shape of a helicopter, using the natural brushstrokes and directional patterns of the waves."
280,Low-Frequency Smooth Texture,Foggy lake with varying mist density.,102_low_frequency_smooth_texture.png,Rigid Objects,Vehicles,a helicopter,070_rigid_objects_vehicles_helicopter.png,"A foggy lake with varying mist density, where the shifting mists and faint light create a subtle illusion, with the fog's darker patches and gaps suggesting the faint silhouette of a helicopter hovering just above the water.","Subtly adjust the existing mist density and soft shading over the lake to barely suggest the faint outline of a helicopter, using only gentle variations in fog thickness and light without adding any new elements."
281,High-Frequency Texture,Old brick wall covered in graffiti.,007_high_frequency_texture.png,Rigid Objects,Vehicles,a steam train,071_rigid_objects_vehicles_steam_train.png,"An old brick wall covered in vibrant graffiti, where the colors and intricate shapes subtly merge to form the faint, illusionary outline of a steam train emerging from the abstract patterns.",Subtly rearrange the cracks and graffiti patterns on the brick wall to faintly form the silhouette of a steam train without introducing new elements.
282,Structured Texture,Warehouse shelves with stacked boxes.,039_structured_texture.png,Rigid Objects,Vehicles,a steam train,071_rigid_objects_vehicles_steam_train.png,"A vast warehouse with rows of shelves stacked high with boxes, where the alignment of boxes, shadows, and gaps subtly form the illusion of a steam train, with its engine and billowing steam emerging from the arrangement of materials.","Modify the alignment and grid of the stacked boxes to subtly form the silhouette of a steam train, with the edges of the boxes and shadows creating a faint train shape."
283,Directional Texture,Detailed pencil sketch of a clock.,071_directional_texture.png,Rigid Objects,Vehicles,a steam train,071_rigid_objects_vehicles_steam_train.png,"A detailed pencil sketch of a clock, where the intricate lines and shading of the gears and clock hands subtly arrange themselves into the faint, emergent silhouette of a steam train, with the curves of the clock's components resembling the steam engine's body and billowing smoke.","Bend the lines and shadows of the clock's face and hands to subtly suggest the shape of a steam train, without adding new elements."
284,Low-Frequency Smooth Texture,Softly curved white paper sheet.,103_low_frequency_smooth_texture.png,Rigid Objects,Vehicles,a steam train,071_rigid_objects_vehicles_steam_train.png,"A softly curved white paper sheet, with delicate folds and subtle creases, where the play of shadows and the gentle texture of the paper creates a faint, emergent silhouette of a steam train, as if formed by the undulating lines and light reflections.","Subtly adjust the gentle folds and shadows of the paper to barely suggest the outline of a steam train, using the existing texture to form the illusion."
285,High-Frequency Texture,Raindrops splashing on a wet city street.,008_high_frequency_texture.png,Rigid Objects,Vehicles,a motorcycle,072_rigid_objects_vehicles_motorcycle.png,"Raindrops splashing on a wet city street, where the ripples and reflections in the puddles subtly arrange themselves to form the faint silhouette of a motorcycle, blending seamlessly with the urban landscape.",Subtly rearrange the splashes of raindrops and water ripples to faintly form the outline of a motorcycle without adding any new objects.
286,Structured Texture,Vertical columns inside a Gothic cathedral.,040_structured_texture.png,Rigid Objects,Vehicles,a motorcycle,072_rigid_objects_vehicles_motorcycle.png,"Vertical columns inside a Gothic cathedral, where the intricate stone carvings, shadows, and the arching ceiling subtly arrange themselves to suggest the faint, emergent shape of a motorcycle, formed by negative space and architectural details.","Modify the alignment of the columns and the intricate stone patterns to subtly form the shape of a motorcycle, using the existing architectural details to disguise its outline."
287,Directional Texture,Ukiyo-e style Great Wave.,072_directional_texture.png,Rigid Objects,Vehicles,a motorcycle,072_rigid_objects_vehicles_motorcycle.png,"An Ukiyo-e style depiction of the Great Wave crashing against the shore, where the fluid curves of the wave and the interplay of foam and negative space subtly form the outline of a motorcycle, blending seamlessly with the movement of the water.","Bend and distort the flowing waves to subtly form the outline of a motorcycle, blending it seamlessly with the existing directional patterns of the wave."
288,Low-Frequency Smooth Texture,Black smooth silk fabric with flowing folds.,104_low_frequency_smooth_texture.png,Rigid Objects,Vehicles,a motorcycle,072_rigid_objects_vehicles_motorcycle.png,"A black smooth silk fabric with flowing folds, where the interplay of light and shadows subtly forms the shape of a motorcycle, with curves and contours emerging through the gentle undulations of the fabric.","Subtly adjust the smooth folds of the black silk fabric to create a faint impression of a motorcycle's shape, using only the natural flow and shadows of the fabric."
289,High-Frequency Texture,A pile of rusty mechanical gears.,009_high_frequency_texture.png,Rigid Objects,Vehicles,a bus,073_rigid_objects_vehicles_bus.png,"A chaotic pile of rusty mechanical gears, where the arrangement of worn metal components and their interlocking patterns subtly form the outline of a bus, with shadows and negative space shaping its familiar silhouette.",Subtly rearrange the rusty gears and their overlapping textures to faintly form the silhouette of a bus without adding any new objects.
290,Structured Texture,Checkerboard marble floor pattern.,041_structured_texture.png,Rigid Objects,Vehicles,a bus,073_rigid_objects_vehicles_bus.png,"A checkerboard marble floor pattern, where the arrangement of light and dark tiles, along with subtle reflections and shadows, creates a subliminal illusion of a bus emerging from the shifting lines and curves of the surface.","Modify the alignment and spacing of the checkerboard marble tiles so the existing grid lines and tonal variations subtly suggest the side silhouette of a bus, using only slight shifts in pattern emphasis without adding any new elements."
291,Directional Texture,Fluid marble texture with gold veins.,073_directional_texture.png,Rigid Objects,Vehicles,a bus,073_rigid_objects_vehicles_bus.png,"A fluid marble texture with elegant gold veins subtly weaving through the design, where the swirling patterns and golden highlights inadvertently form the faint, subliminal shape of a bus.","Alter the flow of the marble veins and the direction of the gold highlights to subtly suggest the outline of a bus, blending it seamlessly into the existing fluid patterns."
292,Low-Frequency Smooth Texture,Infinity pool with gentle water movement.,105_low_frequency_smooth_texture.png,Rigid Objects,Vehicles,a bus,073_rigid_objects_vehicles_bus.png,"An infinity pool with gently rippling water, where the subtle undulations and reflections in the water surface form the faint, illusionary shape of a bus, emerging through the play of light and shadow.","Subtly adjust the water's ripples and reflections to faintly form the outline of a bus, blending it seamlessly into the water's surface."
293,High-Frequency Texture,Scattered wheat stalks on a harvested field.,010_high_frequency_texture.png,Rigid Objects,Vehicles,a tank,074_rigid_objects_vehicles_tank.png,"A harvested field with scattered wheat stalks, where the uneven arrangement of golden stalks and subtle shadows cast by the low sun create a hidden, subliminal outline resembling a tank.",Subtly rearrange the scattered wheat stalks and their shadows to faintly form the silhouette of a tank without adding new objects.
294,Structured Texture,Steel cables of a suspension bridge.,042_structured_texture.png,Rigid Objects,Vehicles,a tank,074_rigid_objects_vehicles_tank.png,"A suspension bridge with steel cables stretching across the scene, where the arrangement of the cables and their shadows subtly create the illusion of a tank's outline, emerging through the negative space between the cables.","Modify the alignment of the steel cables and their grid-like pattern to subtly form the outline of a tank, blending seamlessly with the existing structure."
295,Directional Texture,Coffee latte art foam pattern.,074_directional_texture.png,Rigid Objects,Vehicles,a tank,074_rigid_objects_vehicles_tank.png,"A delicate coffee latte art foam pattern, where the swirling milk and subtle variations in the foam create an emergent, subliminal silhouette of a tank, formed by the interplay of light, shadow, and texture within the design.","Alter the flow of the latte art foam and its directional lines to subtly form the outline of a tank, using the existing swirls and patterns."
296,Low-Frequency Smooth Texture,Pink and orange sunset gradient sky.,106_low_frequency_smooth_texture.png,Rigid Objects,Vehicles,a tank,074_rigid_objects_vehicles_tank.png,"A pink and orange sunset gradient sky, where the shifting hues and subtle cloud formations seem to arrange themselves, casting shadows and highlights that create the faint, subliminal outline of a tank.","Subtly adjust the gradient of the sunset sky, using variations in the shading and color flow to form a barely visible outline of a tank, blending it seamlessly into the smooth texture of the clouds."
297,High-Frequency Texture,Fireworks exploding in the night sky.,011_high_frequency_texture.png,Rigid Objects,Vehicles,a UFO,075_rigid_objects_vehicles_ufo.png,"A night sky illuminated by vibrant fireworks, where the bursts of color and smoke subtly form the silhouette of a UFO, emerging through the chaotic display as if by cosmic coincidence.","Subtly rearrange the sparks and debris from the fireworks to form the faint silhouette of a UFO, without adding any new elements."
298,Structured Texture,Arrays of solar panels.,043_structured_texture.png,Rigid Objects,Vehicles,a UFO,075_rigid_objects_vehicles_ufo.png,"A vast array of solar panels stretching across a sunlit landscape, where the subtle alignment of panels and their reflective surfaces create a subliminal illusion of a UFO hovering in the sky above.","Modify the alignment of the solar panels and their reflections to subtly suggest the shape of a UFO, without adding new elements."
299,Directional Texture,Green aurora lights in the sky.,075_directional_texture.png,Rigid Objects,Vehicles,a UFO,075_rigid_objects_vehicles_ufo.png,"A night sky illuminated by green aurora lights, where the shifting patterns of light and shadow subtly converge to form the faint, subliminal outline of a UFO hovering in the distance.","Bend the flow of the aurora lights and their directional patterns to subtly form the shape of a UFO, blending it naturally into the existing light display."
300,Low-Frequency Smooth Texture,Swirling dense gray fog.,107_low_frequency_smooth_texture.png,Rigid Objects,Vehicles,a UFO,075_rigid_objects_vehicles_ufo.png,"Swirling dense gray fog, where the shifting mist and subtle gaps in the haze inadvertently suggest the faint, illusionary outline of a UFO, as if emerging from the vaporous clouds.","Subtly alter the gradients and soft shading of the fog to faintly suggest the silhouette of a UFO, blending it seamlessly into the mist."
301,High-Frequency Texture,A bowl of ramen with chopped green onions.,012_high_frequency_texture.png,Rigid Objects,Architectural Structures,the Eiffel Tower,076_rigid_objects_architectural_structures_eiffel_tower.png,"A bowl of ramen with chopped green onions, where the arrangement of noodles and the subtle placement of the green onion pieces form a faint, emergent silhouette of the Eiffel Tower in the steam rising from the bowl.",Subtly rearrange the chopped green onions and noodle textures to faintly form the outline of the Eiffel Tower without introducing any new elements.
302,Structured Texture,Round keys of a vintage typewriter.,044_structured_texture.png,Rigid Objects,Architectural Structures,the Eiffel Tower,076_rigid_objects_architectural_structures_eiffel_tower.png,"A close-up of the round keys on a vintage typewriter, where the arrangement of the keys and the subtle interplay of light and shadow create a faint, emerging silhouette of the Eiffel Tower, subtly suggested by the alignment of key patterns and negative space.","Modify the alignment of the typewriter keys and their spacing to subtly form the silhouette of the Eiffel Tower, blending it with the existing pattern without adding new objects."
303,Directional Texture,Lava lamp wax bubbles.,076_directional_texture.png,Rigid Objects,Architectural Structures,the Eiffel Tower,076_rigid_objects_architectural_structures_eiffel_tower.png,"A vibrant lava lamp with colorful wax bubbles floating and shifting, where the rising and falling wax formations subtly align to create the emergent silhouette of the Eiffel Tower.","Bend the flow and shape of the lava lamp wax bubbles to subtly suggest the silhouette of the Eiffel Tower, using the natural directional patterns of the wax without adding new elements."
304,Low-Frequency Smooth Texture,Smooth concrete wall with soft spotlight.,108_low_frequency_smooth_texture.png,Rigid Objects,Architectural Structures,the Eiffel Tower,076_rigid_objects_architectural_structures_eiffel_tower.png,"A smooth concrete wall illuminated by a soft spotlight, where the interplay of light and shadow subtly forms the illusion of the Eiffel Tower, emerging through the textures and gradients of the surface.","Subtly adjust the shading and light gradients on the concrete surface to faintly suggest the outline of the Eiffel Tower, blending it seamlessly with the existing texture."
305,High-Frequency Texture,Old stone wall covered in climbing ivy.,013_high_frequency_texture.png,Rigid Objects,Architectural Structures,the Pyramid,077_rigid_objects_architectural_structures_pyramid.png,"An old stone wall covered in climbing ivy, where the twisted vines and subtle gaps in the stonework arrange themselves to form the faint, emergent silhouette of a pyramid, hidden in the interplay of shadows and textures.",Subtly rearrange the ivy and the stone patterns to faintly form the silhouette of a pyramid without introducing new shapes.
306,Structured Texture,Aerial view of a city grid.,045_structured_texture.png,Rigid Objects,Architectural Structures,the Pyramid,077_rigid_objects_architectural_structures_pyramid.png,"An aerial view of a bustling city grid, where the arrangement of streets and buildings subtly converge, casting shadows and creating negative space that forms the faint, illusionary shape of a Pyramid.","Modify the grid lines of the city streets to subtly align in a way that forms the faint silhouette of a pyramid, blending seamlessly with the existing layout."
307,Directional Texture,Reflection in a shattered mirror.,077_directional_texture.png,Rigid Objects,Architectural Structures,the Pyramid,077_rigid_objects_architectural_structures_pyramid.png,"A shattered mirror reflecting fragmented pieces of light and distorted surroundings, where the sharp angles of the cracks and reflections subtly form the subliminal silhouette of a Pyramid in the chaos of broken glass.","Alter the cracks and reflections in the shattered mirror to subtly guide the directional lines and shadows, faintly forming the triangular shape of a pyramid."
308,Low-Frequency Smooth Texture,A large pool of white milk with gentle waves.,109_low_frequency_smooth_texture.png,Rigid Objects,Architectural Structures,the Pyramid,077_rigid_objects_architectural_structures_pyramid.png,"A large pool of white milk with gentle waves, where the subtle ripples and soft shadows within the surface of the liquid inadvertently create the faint, illusionary shape of a Pyramid rising from the center.","Subtly alter the gentle waves and barely perceptible shading within the white milk pool so that the highlights and shadows faintly align into a triangular pyramid-like form, disguised as natural ripples without adding any new elements."
309,High-Frequency Texture,Turbulent ocean waves with white foam.,014_high_frequency_texture.png,Rigid Objects,Architectural Structures,a castle,078_rigid_objects_architectural_structures_castle.png,"Turbulent ocean waves crashing with white foam, where the intricate patterns of swirling water and foam subtly align to form the faint, illusionary silhouette of a distant castle in the background.",Subtly rearrange the foam patterns and wave crests to faintly form the silhouette of a castle without adding new objects.
310,Structured Texture,Japanese Tatami room with Shoji doors.,046_structured_texture.png,Rigid Objects,Architectural Structures,a castle,078_rigid_objects_architectural_structures_castle.png,"A serene Japanese Tatami room with Shoji doors, where the soft folds of the tatami mats and the interplay of light and shadow through the Shoji screens subtly arrange themselves to form the faint, emergent silhouette of a castle.","Modify the wooden grid pattern of the Shoji doors to subtly form the silhouette of a castle, using the existing lines and structure without adding new elements."
311,Directional Texture,Low poly 3D landscape.,078_directional_texture.png,Rigid Objects,Architectural Structures,a castle,078_rigid_objects_architectural_structures_castle.png,"A low poly 3D landscape with rolling hills and geometric trees, where the angular arrangement of cliffs and the interplay of light and shadow subtly form the illusion of a distant castle rising from the horizon.","Alter the flow of the polygonal landscape to subtly suggest the silhouette of a castle, using the existing angles and shadows of the terrain."
312,Low-Frequency Smooth Texture,Snow-covered smooth rolling roof.,110_low_frequency_smooth_texture.png,Rigid Objects,Architectural Structures,a castle,078_rigid_objects_architectural_structures_castle.png,"A snow-covered smooth rolling roof, where the subtle curves of the snow and the soft play of light and shadow create a faint, emergent illusion of a distant castle silhouette against the horizon.","Modify the existing snow shading and gentle roof contours to subtly adjust light and shadow so they faintly suggest the silhouette of a castle with towers, disguised as natural variations in the smooth snow surface without adding new elements."
313,High-Frequency Texture,Green plant cells under a microscope.,015_high_frequency_texture.png,Rigid Objects,Architectural Structures,a skyscraper,079_rigid_objects_architectural_structures_skyscraper.png,"A close-up view of green plant cells under a microscope, where the arrangement of cell walls and the interplay of light and shadows subtly forms the silhouette of a towering skyscraper in the pattern of the cells.",Subtly rearrange the intricate patterns of the plant cells and their surrounding details to faintly form the silhouette of a skyscraper without adding any new elements.
314,Structured Texture,Server racks in a data center.,047_structured_texture.png,Rigid Objects,Architectural Structures,a skyscraper,079_rigid_objects_architectural_structures_skyscraper.png,"A vast network of server racks in a data center, where the arrangement of metal columns, cables, and rows of glowing lights subtly form the silhouette of a towering skyscraper, emerging through the negative space and reflected light.","Modify the alignment and grid pattern of the server racks to subtly form the silhouette of a skyscraper, using the existing lines and shadows to suggest its shape without adding new elements."
315,Directional Texture,Colorful stained glass light spots.,079_directional_texture.png,Rigid Objects,Architectural Structures,a skyscraper,079_rigid_objects_architectural_structures_skyscraper.png,"A vibrant scene of colorful stained glass light spots scattered across the ground, where the interplay of radiant hues and subtle reflections within the glass pieces form the faint, emergent silhouette of a skyscraper in the background.","Subtly alter the flow and alignment of the existing stained-glass light spots, gently bending their directional streaks and brightness gradients so they faintly suggest the vertical silhouette and tiered outline of a skyscraper, disguised entirely within the natural light patterns."
316,Low-Frequency Smooth Texture,Smooth ceramic surface with soft diffuse light reflections.,111_low_frequency_smooth_texture.png,Rigid Objects,Architectural Structures,a skyscraper,079_rigid_objects_architectural_structures_skyscraper.png,"A smooth ceramic surface with soft diffuse light reflections, where the subtle play of light and shadow across the glossy surface forms the faint, illusionary outline of a towering skyscraper.","Subtly adjust the lighting and smooth surface reflections to faintly suggest the outline of a skyscraper, without introducing any additional elements."
317,High-Frequency Texture,A pile of colorful LEGO bricks.,016_high_frequency_texture.png,Rigid Objects,Architectural Structures,a bridge,080_rigid_objects_architectural_structures_bridge.png,"A vibrant pile of colorful LEGO bricks, where the arrangement of pieces and the subtle interplay of shadows and shapes form the emergent, illusionary silhouette of a bridge, faintly outlined amidst the chaos of the bricks.","Subtly rearrange the colorful LEGO bricks and their shadows to faintly form the shape of a bridge, using the existing patterns and alignment."
318,Structured Texture,Brick sidewalk with herringbone pattern.,048_structured_texture.png,Rigid Objects,Architectural Structures,a bridge,080_rigid_objects_architectural_structures_bridge.png,"A brick sidewalk with a herringbone pattern, where the subtle interplay of shadows and the arrangement of bricks creates a faint, illusionary outline of a bridge arching across the scene.","Modify the alignment and grid of the herringbone bricks to subtly suggest the arches and lines of a bridge, without adding new elements."
319,Directional Texture,Silk fabric blowing in wind.,080_directional_texture.png,Rigid Objects,Architectural Structures,a bridge,080_rigid_objects_architectural_structures_bridge.png,"Silk fabric flowing gently in the wind, where the soft folds and ripples of the fabric subtly align to form the delicate, illusionary outline of a bridge in the distance, suggested by the play of light and shadow across the smooth texture.","Subtly alter the flowing directions and curvature of the silk fabric folds so that the wind-swept lines faintly suggest the arches and span of a bridge, using only the existing ripples, highlights, and shadows of the fabric."
320,Low-Frequency Smooth Texture,Undulating smooth matte clay surface.,112_low_frequency_smooth_texture.png,Rigid Objects,Architectural Structures,a bridge,080_rigid_objects_architectural_structures_bridge.png,"An undulating smooth matte clay surface, where the gentle curves and subtle shifts in texture form a subliminal illusion of a bridge, with shadows and highlights shaping its arches and supports.","Subtly adjust the smooth curves and shading of the clay surface to create a faint, barely visible outline of a bridge, blending seamlessly with the existing texture."
321,High-Frequency Texture,Pine forest in a heavy snowstorm.,017_high_frequency_texture.png,Rigid Objects,Architectural Structures,a lighthouse,081_rigid_objects_architectural_structures_lighthouse.png,"A dense pine forest blanketed by a heavy snowstorm, where the swirling snowflakes and shifting shadows between the trees subtly create the faint, emergent silhouette of a lighthouse in the distance.","Subtly rearrange the snowflakes and tree branches to create a faint outline of a lighthouse, blending with the existing stormy texture without adding any new objects."
322,Structured Texture,Construction scaffolding grid.,049_structured_texture.png,Rigid Objects,Architectural Structures,a lighthouse,081_rigid_objects_architectural_structures_lighthouse.png,"A construction scaffolding grid, where the intersecting beams and shadows subtly arrange themselves to form the silhouette of a lighthouse, emerging through the structure's geometric pattern.","Modify the alignment of the scaffolding grid to subtly form the silhouette of a lighthouse, using the existing bars and shadows without adding new elements."
323,Directional Texture,Abstract fractal geometric pattern.,081_directional_texture.png,Rigid Objects,Architectural Structures,a lighthouse,081_rigid_objects_architectural_structures_lighthouse.png,"An abstract fractal geometric pattern, where the intricate shapes and swirling lines subtly converge and form the faint, emergent silhouette of a lighthouse, blending seamlessly into the chaotic design.","Bend the flow of the fractal lines and shapes to subtly suggest the silhouette of a lighthouse, blending it seamlessly with the existing patterns."
324,Low-Frequency Smooth Texture,Polished concrete floor with blurred reflections.,113_low_frequency_smooth_texture.png,Rigid Objects,Architectural Structures,a lighthouse,081_rigid_objects_architectural_structures_lighthouse.png,"A polished concrete floor with blurred reflections, where the subtle interplay of light and dark spots, along with the smooth texture, creates a faint, illusionary silhouette of a lighthouse rising in the distance.","Subtly adjust the existing light gradients and blurred reflections on the polished concrete to faintly suggest the vertical silhouette and top lantern shape of a lighthouse, using barely perceptible shading changes without adding any new elements."
325,High-Frequency Texture,A close-up pile of dark coffee beans.,018_high_frequency_texture.png,Rigid Objects,Architectural Structures,a windmill,082_rigid_objects_architectural_structures_windmill.png,"A close-up pile of dark coffee beans, where the arrangement of the beans and subtle shifts in light and shadow suggest the faint, emergent silhouette of a windmill, as if formed by the negative space between the beans.",Subtly rearrange the dark coffee beans and their shadows to faintly form the silhouette of a windmill without adding new objects.
326,Structured Texture,Metal pipes of a church organ.,050_structured_texture.png,Rigid Objects,Architectural Structures,a windmill,082_rigid_objects_architectural_structures_windmill.png,"A collection of intricate metal pipes of a church organ, where the arrangement of pipes and the interplay of light and shadow subtly form the shape of a windmill, its blades emerging from the curves and angles of the organ's structure.","Modify the alignment of the metal pipes and their reflections to subtly form the shape of a windmill, using the existing metallic grid and shadows to suggest the structure."
327,Directional Texture,Thermal camera view of a city.,082_directional_texture.png,Rigid Objects,Architectural Structures,a windmill,082_rigid_objects_architectural_structures_windmill.png,"A thermal camera view of a bustling city at night, where the warm hues of buildings and the cool shadows cast by streets subtly arrange themselves to form the faint, subliminal silhouette of a windmill in the distance.",Bend the flow of the heat patterns and the directional shadows in the cityscape to subtly suggest the shape of a windmill.
328,Low-Frequency Smooth Texture,White plaster sphere with soft shading.,114_low_frequency_smooth_texture.png,Rigid Objects,Architectural Structures,a windmill,082_rigid_objects_architectural_structures_windmill.png,"A white plaster sphere with soft shading, where the subtle transitions in light and shadow across the surface create a faint, emergent illusion of a windmill's silhouette, with its blades seeming to form from the curvature and texture of the sphere.",Subtly adjust the soft shading and contours of the plaster sphere to create a barely visible impression of a windmill's blades and structure.
329,High-Frequency Texture,A crowded music festival audience.,019_high_frequency_texture.png,Rigid Objects,Architectural Structures,a pagoda,083_rigid_objects_architectural_structures_pagoda.png,"A crowded music festival audience, where the arrangement of people, tents, and stage lights subtly forms the illusion of a pagoda, with the negative space between figures and structures creating the faint silhouette of its traditional tiered roof.","Subtly rearrange the movement and shapes of the crowd and their clothing to faintly form the outline of a pagoda, using the crowd's density and shadows without adding any new objects."
330,Structured Texture,Top-down view of a spiral staircase.,051_structured_texture.png,Rigid Objects,Architectural Structures,a pagoda,083_rigid_objects_architectural_structures_pagoda.png,"A top-down view of a spiral staircase, where the wooden steps and the interplay of shadows subtly form the shape of a pagoda in the negative space, creating an illusion of architecture hidden within the curves of the staircase.","Modify the alignment of the staircase steps and the railing structure to subtly suggest the layered roof design of a pagoda, without adding any new objects."
331,Directional Texture,Vaporwave sunset with grid.,083_directional_texture.png,Rigid Objects,Architectural Structures,a pagoda,083_rigid_objects_architectural_structures_pagoda.png,"A vibrant vaporwave sunset with a neon grid stretching into the horizon, where the blending of warm pinks, purples, and oranges, along with the geometric lines, subtly form the illusion of a pagoda through the play of light and shadows.","Subtly bend and reflow the existing grid lines and sunset gradient bands so their directional lines faintly stack into a tiered silhouette resembling a pagoda, disguised within the vaporwave perspective without adding new elements."
332,Low-Frequency Smooth Texture,Abstract green bokeh background.,115_low_frequency_smooth_texture.png,Rigid Objects,Architectural Structures,a pagoda,083_rigid_objects_architectural_structures_pagoda.png,"An abstract green bokeh background, where the soft, blurred light spots and subtle gradients form a delicate, emergent silhouette resembling a pagoda, with light and shadow blending to create its distinct tiered structure.","Subtly adjust the soft gradients and bokeh light spots to create a faint, barely visible outline of a pagoda, blending it seamlessly into the abstract green background."
333,High-Frequency Texture,Messy stacks of old books and papers.,020_high_frequency_texture.png,Rigid Objects,Architectural Structures,the Colosseum,084_rigid_objects_architectural_structures_colosseum.png,"A messy stack of old books and papers, where the overlapping textures of pages and worn bindings subtly arrange themselves, casting shadows and creating negative space that resembles the ancient arches and structure of the Colosseum.","Subtly rearrange the chaotic edges, spines, and overlapping shadows of the books and papers so their cluttered forms faintly suggest the layered arches and curved silhouette of the Colosseum, using only the existing textures and debris without adding new elements."
334,Structured Texture,Industrial pipelines in a factory.,052_structured_texture.png,Rigid Objects,Architectural Structures,the Colosseum,084_rigid_objects_architectural_structures_colosseum.png,"A network of industrial pipelines winding through a factory, where the arrangement of metal tubes and the play of shadows subtly forms the faint, emergent silhouette of the Colosseum in the background.","Modify the alignment and structure of the industrial pipelines to subtly form the outline of the Colosseum, ensuring the illusion is created through the existing pipe grids and connections."
335,Directional Texture,Rough charcoal portrait sketch.,084_directional_texture.png,Rigid Objects,Architectural Structures,the Colosseum,084_rigid_objects_architectural_structures_colosseum.png,"A rough charcoal portrait sketch, where the intricate shading and the interplay of light and dark subtly arrange themselves to form the illusion of the Colosseum in the background, emerging from the smudged lines and shadowed contours of the face.","Bend the lines and shading of the charcoal sketch to subtly suggest the arches and structure of the Colosseum, ensuring it remains faint and integrated into the existing contours."
336,Low-Frequency Smooth Texture,Soft melting candle wax flow.,116_low_frequency_smooth_texture.png,Rigid Objects,Architectural Structures,the Colosseum,084_rigid_objects_architectural_structures_colosseum.png,"Soft melting candle wax flowing in delicate streams, where the contours and folds of the wax subtly converge to form the faint, illusionary silhouette of the Colosseum, emerging from the interplay of light and shadows.","Subtly adjust the smooth flow of the melting candle wax to create a faint, barely visible silhouette of the Colosseum, using the natural curves and shadows of the wax."
337,High-Frequency Texture,Dry cracked earth texture.,021_high_frequency_texture.png,Rigid Objects,Architectural Structures,a torii gate,085_rigid_objects_architectural_structures_torii_gate.png,"A dry cracked earth texture, where the deep fissures and subtle patterns in the soil create a subliminal illusion of a torii gate, with the negative space between the cracks forming the traditional archway shape.","Subtly rearrange the cracks and texture of the dry earth to faintly form the silhouette of a torii gate, using existing patterns and shadows without adding new elements."
338,Structured Texture,Chain-link fence texture.,053_structured_texture.png,Rigid Objects,Architectural Structures,a torii gate,085_rigid_objects_architectural_structures_torii_gate.png,"A close-up of a chain-link fence, where the interwoven wires and subtle gaps between them create a faint, emergent silhouette resembling a torii gate, as if the negative space and shadows form the traditional Japanese structure.","Modify the alignment of the chain-link fence to subtly create a pattern that resembles the structure of a torii gate, using the existing metal grid to suggest the horizontal and vertical beams."
339,Directional Texture,Psychedelic kaleidoscope pattern.,085_directional_texture.png,Rigid Objects,Architectural Structures,a torii gate,085_rigid_objects_architectural_structures_torii_gate.png,"A vibrant psychedelic kaleidoscope pattern, where the intricate, symmetrical shapes and vivid colors subtly align to form the faint, subliminal silhouette of a torii gate, emerging from the swirling kaleidoscopic elements.","Subtly bend and realign the existing radial flows and directional lines of the kaleidoscope pattern so that their convergence faintly suggests the iconic silhouette of a torii gate, disguised within the symmetrical motion and color transitions without adding new elements."
340,Low-Frequency Smooth Texture,Curved white concrete architecture.,117_low_frequency_smooth_texture.png,Rigid Objects,Architectural Structures,a torii gate,085_rigid_objects_architectural_structures_torii_gate.png,"Curved white concrete architecture, where the smooth, flowing lines and subtle play of light and shadow form a faint, emergent silhouette resembling a torii gate, as if the negative space and structural elements are delicately arranged to suggest this traditional Japanese symbol.","Subtly adjust the smooth curves and shadows of the white concrete to faintly suggest the shape of a torii gate, without adding any new elements."
341,High-Frequency Texture,Aerial view of sheep on a grassland.,022_high_frequency_texture.png,Rigid Objects,Architectural Structures,an igloo,086_rigid_objects_architectural_structures_igloo.png,"An aerial view of a sprawling grassland dotted with sheep, where the clusters of white sheep and their subtle groupings in the landscape form the faint, illusionary shape of an igloo, created by the negative space and the arrangement of the flock.",Subtly rearrange the scattered sheep and grass patterns to faintly form the shape of an igloo without adding any new objects.
342,Structured Texture,Traditional tiled roof rows.,054_structured_texture.png,Rigid Objects,Architectural Structures,an igloo,086_rigid_objects_architectural_structures_igloo.png,"A series of traditional tiled roof rows, where the overlapping patterns of the tiles and the play of light and shadow subtly create the illusion of an igloo nestled within the rooftops.","Modify the alignment of the tiles and their shadows to subtly form the shape of an igloo, without introducing new elements."
343,Directional Texture,Flowing liquid metal surface.,086_directional_texture.png,Rigid Objects,Architectural Structures,an igloo,086_rigid_objects_architectural_structures_igloo.png,"A flowing liquid metal surface, where the reflections and ripples subtly form the faint, emergent outline of an igloo, its rounded shape suggested by the fluid dynamics and reflective sheen of the molten surface.","Subtly bend and redirect the flowing lines and highlights of the liquid metal so the directional flow faintly suggests the rounded dome and block-like segmentation of an igloo, disguised entirely within the existing surface ripples and reflections."
344,Low-Frequency Smooth Texture,Soft beige matte silk fabric folds with gentle gradients.,118_low_frequency_smooth_texture.png,Rigid Objects,Architectural Structures,an igloo,086_rigid_objects_architectural_structures_igloo.png,"Soft beige matte silk fabric folds with gentle gradients, where the subtle interplay of shadows and creases in the fabric inadvertently forms the faint, illusionary outline of an igloo.","Subtly adjust the soft folds and gradients in the silk fabric to faintly suggest the rounded shape of an igloo, using gentle shading and light variations."
345,High-Frequency Texture,Shattered colorful glass shards.,023_high_frequency_texture.png,Rigid Objects,Rigid Appliances,a chair,087_rigid_objects_rigid_appliances_chair.png,"A chaotic scattering of vibrant, shattered glass shards, where the jagged edges and reflective surfaces subtly align to form the faint, emergent outline of a chair, almost imperceptible within the chaotic reflection and interplay of light.",Subtly rearrange the shattered glass shards and their reflections to faintly form the shape of a chair without introducing new objects.
346,Structured Texture,Geometric glass dome structure.,055_structured_texture.png,Rigid Objects,Rigid Appliances,a chair,087_rigid_objects_rigid_appliances_chair.png,"A geometric glass dome structure, where the reflections and angular lines of the glass panes subtly align to form the faint, emergent outline of a chair, as if glimpsed through shifting light and shadow.","Modify the grid lines and reflections of the glass dome to subtly form the shape of a chair, blending seamlessly with the existing geometric patterns."
347,Directional Texture,8-bit pixel art landscape.,087_directional_texture.png,Rigid Objects,Rigid Appliances,a chair,087_rigid_objects_rigid_appliances_chair.png,"An 8-bit pixel art landscape with a vibrant, blocky terrain of rolling hills and sparse trees, where the arrangement of pixelated patterns and shadows subtly forms the silhouette of a chair in the foreground, emerging from the pixel grid.","Modify the pixelated landscape's directional elements, such as the arrangement of the terrain or lines, to subtly hint at the shape of a chair, blending it into the existing environment without adding new pixels."
348,Low-Frequency Smooth Texture,Smooth rolling hills covered in snow.,119_low_frequency_smooth_texture.png,Rigid Objects,Rigid Appliances,a chair,087_rigid_objects_rigid_appliances_chair.png,"Smooth rolling hills covered in snow, where the undulating curves of the landscape and the subtle interplay of shadows and light form the faint, illusionary silhouette of a chair.","Subtly adjust the smooth snow texture on the rolling hills to create a faint outline that suggests the shape of a chair, using shading and soft contours."
349,High-Frequency Texture,Old TV static noise screen.,024_high_frequency_texture.png,Rigid Objects,Rigid Appliances,a desk,088_rigid_objects_rigid_appliances_desk.png,"An old TV static noise screen, where the random flickers and shifting black-and-white speckles subtly arrange themselves to form the faint, emergent silhouette of a desk, as if hidden in the chaotic interference.","Subtly rearrange the static noise to form the faint, distorted outline of a desk, using the existing interference patterns without adding new objects."
350,Structured Texture,Rows of purple lavender fields.,056_structured_texture.png,Rigid Objects,Rigid Appliances,a desk,088_rigid_objects_rigid_appliances_desk.png,"Rows of vibrant purple lavender fields stretching into the horizon, where the arrangement of flowers and the gentle play of light and shadow subtly form the faint, illusionary outline of a desk, as if woven into the landscape.","Alter the alignment of the lavender rows and the flow of the stems to subtly form the shape of a desk, blending naturally with the existing pattern of the fields."
351,Directional Texture,Impressionist sunrise painting.,088_directional_texture.png,Rigid Objects,Rigid Appliances,a desk,088_rigid_objects_rigid_appliances_desk.png,"An impressionist painting of a vibrant sunrise, where the warm hues of orange and pink blend seamlessly, with brushstrokes and light reflections subtly forming the shape of a desk in the foreground, as if emerging from the mist of early morning light.","Bend the flowing brushstrokes and light gradients of the sky and landscape to subtly form the outline of a desk, blending it seamlessly with the surrounding elements."
352,Low-Frequency Smooth Texture,Soft white duvet with gentle flowing undulations.,120_low_frequency_smooth_texture.png,Rigid Objects,Rigid Appliances,a desk,088_rigid_objects_rigid_appliances_desk.png,"A soft white duvet with gentle flowing undulations, where the subtle folds and soft shadows suggest the faint, illusionary outline of a desk, emerging through the delicate pattern of fabric and light.","Subtly adjust the gentle undulations of the duvet to create faint shadows and folds that suggest the outline of a desk, without introducing any new elements."
353,High-Frequency Texture,Intricate Persian carpet pattern.,025_high_frequency_texture.png,Rigid Objects,Rigid Appliances,a guitar,089_rigid_objects_rigid_appliances_guitar.png,"An intricate Persian carpet pattern, where the rich, ornate details and the interplay of colors and shapes subtly arrange themselves to form the illusion of a guitar, its outline emerging through the intricate weaving and delicate floral motifs.","Subtly rearrange the intricate patterns and lines of the carpet to faintly form the shape of a guitar, without introducing any new objects."
354,Structured Texture,Supermarket shelves with products.,057_structured_texture.png,Rigid Objects,Rigid Appliances,a guitar,089_rigid_objects_rigid_appliances_guitar.png,"A supermarket aisle lined with shelves filled with products, where the arrangement of items and their labels subtly form the outline of a guitar, with certain objects casting shadows that suggest the shape of strings and the body of the instrument.","Modify the alignment and arrangement of the products on the supermarket shelves to subtly form the shape of a guitar, using the existing patterns and grid structure without adding new objects."
355,Directional Texture,Long exposure traffic light trails.,089_directional_texture.png,Rigid Objects,Rigid Appliances,a guitar,089_rigid_objects_rigid_appliances_guitar.png,"Long exposure traffic light trails, where the flowing red and white streaks of light subtly form the illusion of a guitar's shape through their curves and intersections.","Alter the flow of the light trails and their directional curves to subtly suggest the shape of a guitar, blending seamlessly with the existing motion patterns."
356,Low-Frequency Smooth Texture,Soft hazy smoke rising and swirling in dark background.,121_low_frequency_smooth_texture.png,Rigid Objects,Rigid Appliances,a guitar,089_rigid_objects_rigid_appliances_guitar.png,"Soft, hazy smoke rising and swirling in a dark background, where the delicate tendrils of mist and shadows subtly arrange themselves to form the faint, illusionary shape of a guitar.","Subtly modify the existing smoke density and soft lighting so the gentle swirls and faint shading barely suggest the outline of a guitar, disguising its body and neck within the natural flow of the haze without adding new elements."
357,High-Frequency Texture,Raging fire flames and sparks.,026_high_frequency_texture.png,Rigid Objects,Rigid Appliances,an analog clock,090_rigid_objects_rigid_appliances_analog_clock.png,"Raging fire flames and sparks, where the swirling patterns of the flames and drifting embers subtly align to form the faint, illusionary outline of an analog clock, with the glowing embers casting shadows that suggest the clock's hands and face.","Subtly rearrange the fiery sparks and flame shapes to faintly form the outline and hands of an analog clock, without adding any new elements."
358,Structured Texture,Black and white crosswalk stripes.,058_structured_texture.png,Rigid Objects,Rigid Appliances,an analog clock,090_rigid_objects_rigid_appliances_analog_clock.png,"A black and white crosswalk with bold, contrasting stripes, where the subtle arrangement of light and shadow, along with the gaps between the stripes, forms the illusion of an analog clock, with its circular outline and clock hands faintly emerging from the pattern.","Modify the alignment and spacing of the crosswalk stripes to subtly form the outline of an analog clock, with faint hints of the clock face and hands, without adding new elements."
359,Directional Texture,Melted flowing crayon colors.,090_directional_texture.png,Rigid Objects,Rigid Appliances,an analog clock,090_rigid_objects_rigid_appliances_analog_clock.png,"A vibrant, abstract scene of melted flowing crayon colors, where the fluid swirls and gradients of wax subtly converge to form the faint, illusionary outline of an analog clock, with its circular shape and hour markers emerging from the interplay of hues.","Subtly bend and redirect the flowing crayon streaks so their directional curves faintly suggest a circular clock face, with barely perceptible alignments in the color flows forming the positions of clock hands, using only the existing melted textures and gradients."
360,Low-Frequency Smooth Texture,Surface of melted chocolate with swirls.,122_low_frequency_smooth_texture.png,Rigid Objects,Rigid Appliances,an analog clock,090_rigid_objects_rigid_appliances_analog_clock.png,"The surface of melted chocolate, with rich, glossy swirls and flowing patterns, where the dark swirls and glossy highlights subtly form the outline of an analog clock, with its hands and circular shape emerging from the interplay of the melted chocolate's texture.","Subtly adjust the smooth swirls of the melted chocolate to form the faint outline of an analog clock, with barely visible clock hands and hour markers."
361,High-Frequency Texture,Fluffy dandelion seeds close-up.,027_high_frequency_texture.png,Rigid Objects,Rigid Appliances,a camera,091_rigid_objects_rigid_appliances_camera.png,"A close-up of fluffy dandelion seeds, where the delicate arrangement of the seeds and their subtle interplay with light and shadow form a faint, illusionary shape resembling a camera, emerging from the soft texture of the seeds.",Subtly rearrange the dandelion seeds and their shadows to faintly form the outline of a camera without adding any new objects.
362,Structured Texture,Rows of stadium seats.,059_structured_texture.png,Rigid Objects,Rigid Appliances,a camera,091_rigid_objects_rigid_appliances_camera.png,"Rows of empty stadium seats, where the arrangement of seats and the shadows they cast subtly form the outline of a camera, almost indistinguishable within the pattern of the rows.",Modify the alignment of the rows of seats and the pattern of their shadows to subtly resemble the shape of a camera without introducing any new objects.
363,Directional Texture,Cyanotype blue plant print.,091_directional_texture.png,Rigid Objects,Rigid Appliances,a camera,091_rigid_objects_rigid_appliances_camera.png,"A cyanotype blue plant print where the delicate botanical shapes and intricate textures subtly converge to create the faint, illusionary outline of a camera, formed through negative space and shadow play.","Bend the flow of the plant stems and leaves to subtly hint at the shape of a camera, using shadows and contours to create a faint, barely visible outline."
364,Low-Frequency Smooth Texture,Blurred view through frosted glass.,123_low_frequency_smooth_texture.png,Rigid Objects,Rigid Appliances,a camera,091_rigid_objects_rigid_appliances_camera.png,"A blurred view through frosted glass, where the intricate patterns of frost and the soft play of light subtly arrange themselves to form the faint, emerging silhouette of a camera.","Alter the existing blur gradients and soft light variations in the frosted glass so that the shading very subtly suggests the outline of a camera, using only faint tonal shifts and highlights disguised within the natural diffusion."
365,High-Frequency Texture,Tangled colorful yarn balls.,028_high_frequency_texture.png,Rigid Objects,Rigid Appliances,an umbrella,092_rigid_objects_rigid_appliances_umbrella.png,"A collection of tangled colorful yarn balls, where the overlapping strands and delicate curves subtly form the illusion of an umbrella, its shape emerging from the intricate weave of fibers and shadows.",Subtly rearrange the colorful yarn strands and their shadows to faintly form the shape of an umbrella without adding new objects.
366,Structured Texture,Woven wicker basket texture.,060_structured_texture.png,Rigid Objects,Rigid Appliances,an umbrella,092_rigid_objects_rigid_appliances_umbrella.png,"A woven wicker basket texture, where the intricate patterns of interlacing fibers and subtle shifts in shading create a faint, illusionary outline of an umbrella, emerging from the negative space between the woven strands.","Modify the woven pattern of the wicker basket to subtly align the strands and shadows, creating a faint illusion of an umbrella shape."
367,Directional Texture,Digital glitch art texture.,092_directional_texture.png,Rigid Objects,Rigid Appliances,an umbrella,092_rigid_objects_rigid_appliances_umbrella.png,"A digital glitch art texture with fragmented pixel distortions and color shifts, where the chaotic lines and color overlaps subtly create the illusion of an umbrella emerging from the disruption.","Alter the directional distortions in the glitch patterns to subtly suggest the shape of an umbrella, using the existing lines and pixel disruptions to create its outline."
368,Low-Frequency Smooth Texture,Thick flowing honey texture backlit with soft glow.,124_low_frequency_smooth_texture.png,Rigid Objects,Rigid Appliances,an umbrella,092_rigid_objects_rigid_appliances_umbrella.png,"A thick, flowing honey texture backlit with a soft glow, where the rich amber hues and gentle contours of the drips subtly create the illusion of an umbrella, formed by the play of light and the negative space between the honey's curves.","Subtly alter the flow and shading of the honey texture to gently suggest the outline of an umbrella, using the natural curves and soft light reflections without adding any new elements."
369,High-Frequency Texture,Peeling paint on an old wooden wall.,029_high_frequency_texture.png,Rigid Objects,Rigid Appliances,a key,093_rigid_objects_rigid_appliances_key.png,"Peeling paint on an old wooden wall, where the cracks in the weathered wood and the faded layers of chipped paint subtly form the faint, illusionary silhouette of a key.",Subtly rearrange the peeling paint and wood grain patterns to faintly form the silhouette of a key without adding new elements.
370,Structured Texture,Parallel lines of a radiator grille.,061_structured_texture.png,Rigid Objects,Rigid Appliances,a key,093_rigid_objects_rigid_appliances_key.png,"A series of parallel lines forming a radiator grille, where the subtle arrangement of the metal slats and the play of light and shadow unexpectedly suggest the faint outline of a key.","Modify the alignment of the radiator grille's lines to subtly form the shape of a key, ensuring it remains barely visible within the existing structure."
371,Directional Texture,Sand art flowing lines.,093_directional_texture.png,Rigid Objects,Rigid Appliances,a key,093_rigid_objects_rigid_appliances_key.png,"Intricate sand art with flowing, undulating lines that subtly converge and shift in texture, creating a faint, subliminal illusion of a key formed by the interplay of shadows and grain patterns.",Alter the flowing lines of the sand art to subtly bend and shift in a way that faintly suggests the shape of a key.
372,Low-Frequency Smooth Texture,Solar eclipse corona soft glow.,125_low_frequency_smooth_texture.png,Rigid Objects,Rigid Appliances,a key,093_rigid_objects_rigid_appliances_key.png,"A solar eclipse corona with a soft, glowing halo of light, where the radiant beams and subtle shadows around the eclipse's edge softly converge, creating the illusion of a key shape emerging from the glow.","Subtly adjust the soft glow of the solar eclipse corona, using faint shading and light gradients to form the shape of a key, blending it seamlessly with the surrounding light."
373,High-Frequency Texture,Spider web with water droplets.,030_high_frequency_texture.png,Rigid Objects,Rigid Appliances,scissors,094_rigid_objects_rigid_appliances_scissors.png,"A delicate spider web glistening with water droplets, where the intricate arrangement of threads and the subtle reflection of light create a faint, subliminal illusion of a pair of scissors in the negative space between the strands.",Subtly rearrange the water droplets and the intersecting threads of the spider web to faintly form the shape of a pair of scissors without adding new objects.
374,Structured Texture,Stacked newspapers side view.,062_structured_texture.png,Rigid Objects,Rigid Appliances,scissors,094_rigid_objects_rigid_appliances_scissors.png,"A side view of stacked newspapers, where the folds and creases of the paper, combined with the play of light and shadows, subtly suggest the shape of scissors, as if emerging from the chaotic layers of print and texture.","Modify the alignment and layering of the stacked newspapers to subtly form the shape of scissors, using the edges and folds to hint at the blade and handle without adding any new elements."
375,Directional Texture,Alcohol ink fluid art.,094_directional_texture.png,Rigid Objects,Rigid Appliances,scissors,094_rigid_objects_rigid_appliances_scissors.png,"A vibrant alcohol ink fluid art composition, where the flowing, colorful patterns and swirling pigments subtly form the faint, emergent silhouette of a pair of scissors through the interplay of negative space and intricate fluid transitions.","Bend and flow the ink patterns to subtly form the shape of scissors, using the existing directional movement of the fluid art."
376,Low-Frequency Smooth Texture,Dense white morning fog banks.,126_low_frequency_smooth_texture.png,Rigid Objects,Rigid Appliances,scissors,094_rigid_objects_rigid_appliances_scissors.png,"A dense morning fog bank, where the soft swirling mist and subtle shifts in light and shadow subtly arrange themselves to form the faint, illusionary outline of a pair of scissors.","Subtly adjust the fog’s brightness and density gradients to create barely visible intersecting blade-like shapes and a faint handle curve, using only existing fog shading so the impression of scissors emerges softly from the mist."
377,High-Frequency Texture,Dense starry sky with the Milky Way.,031_high_frequency_texture.png,Rigid Objects,Rigid Appliances,a pair of eyeglasses,095_rigid_objects_rigid_appliances_glasses.png,"A dense starry sky with the Milky Way stretching across the horizon, where clusters of stars and nebulae subtly form the illusion of a pair of eyeglasses through their arrangement and the play of light and shadow.","Subtly rearrange the scattered stars and cosmic dust to faintly form the shape of a pair of eyeglasses, without adding any new objects."
378,Structured Texture,Metal steps of an escalator.,063_structured_texture.png,Rigid Objects,Rigid Appliances,a pair of eyeglasses,095_rigid_objects_rigid_appliances_glasses.png,"A set of metal steps on an escalator, where the arrangement of gleaming metallic surfaces and subtle reflections forms a faint, emergent shape resembling a pair of eyeglasses.","Modify the alignment of the metal steps and their reflections to subtly form the shape of a pair of eyeglasses, blending seamlessly with the existing structure."
379,Directional Texture,Black and white manga speed lines.,095_directional_texture.png,Rigid Objects,Rigid Appliances,a pair of eyeglasses,095_rigid_objects_rigid_appliances_glasses.png,"A dynamic scene of black and white manga speed lines, where the directional strokes and contrasts subtly form the outline of a pair of eyeglasses through the negative space and the interplay of the lines.",Bend the flow of the speed lines and adjust their direction subtly to form the faint outline of a pair of eyeglasses without disrupting the overall pattern.
380,Low-Frequency Smooth Texture,Wavy smooth matte silicone surface.,127_low_frequency_smooth_texture.png,Rigid Objects,Rigid Appliances,a pair of eyeglasses,095_rigid_objects_rigid_appliances_glasses.png,"A wavy, smooth matte silicone surface, where subtle variations in light and shadow on the curves and folds create the illusion of a pair of eyeglasses, emerging from the interplay of texture and negative space.","Subtly modify the smooth curves of the silicone surface to create faint, barely visible impressions that resemble the outline of a pair of eyeglasses."
381,High-Frequency Texture,A pile of gold coins and jewelry.,032_high_frequency_texture.png,Rigid Objects,Rigid Appliances,an anchor,096_rigid_objects_rigid_appliances_anchor.png,"A pile of gold coins and intricate jewelry, where the arrangement of gleaming pieces and subtle shadows creates a hidden, subliminal outline of an anchor, emerging through the reflections and negative space between the treasures.","Subtly rearrange the gold coins and jewelry, using their reflections and shadows to faintly form the shape of an anchor without adding new objects."
382,Structured Texture,Hexagonal honeycomb cells.,064_structured_texture.png,Rigid Objects,Rigid Appliances,an anchor,096_rigid_objects_rigid_appliances_anchor.png,"A field of hexagonal honeycomb cells, where the intricate arrangement of beeswax and subtle variations in light and shadow create a subliminal illusion of an anchor shape, formed by the negative space between the cells.","Modify the alignment of the hexagonal cells and their shadows to subtly form the shape of an anchor, without adding new shapes or objects."
383,Directional Texture,Colorful nebula gas clouds.,096_directional_texture.png,Rigid Objects,Rigid Appliances,an anchor,096_rigid_objects_rigid_appliances_anchor.png,"A vibrant and swirling nebula of colorful gas clouds, where the ethereal patterns of interstellar gases and their subtle flow create a fleeting, illusionary outline of an anchor, emerging from the swirling cosmic mist.","Subtly bend and redirect the flowing streaks and gradients of the nebula gas clouds so their natural motion faintly suggests the silhouette of an anchor, using only existing colors, light, and directional flow without adding new elements."
384,Low-Frequency Smooth Texture,Blurred city lights bokeh.,128_low_frequency_smooth_texture.png,Rigid Objects,Rigid Appliances,an anchor,096_rigid_objects_rigid_appliances_anchor.png,"A field of blurred city lights bokeh, where the soft glowing orbs and their subtle gradients of color form a faint, emergent silhouette resembling an anchor, hidden in the pattern of light and shadow.",Subtly adjust the smooth gradients of the bokeh lights to create a barely visible shape that suggests the outline of an anchor.
385,High-Frequency Texture,A dense tropical rainforest floor with ferns.,001_high_frequency_texture.png,Non-Rigid Objects,Animals,a cat,097_non_rigid_objects_animals_cat.png,"A dense tropical rainforest floor, where the lush ferns and scattered leaves subtly form a pattern of shadows and negative space that creates the faint, subliminal silhouette of a cat, as if emerging from the forest floor.",Subtly rearrange the ferns and their shadows to faintly form the silhouette of a cat without adding new objects.
386,Structured Texture,Glass facade of a modern skyscraper.,033_structured_texture.png,Non-Rigid Objects,Animals,a cat,097_non_rigid_objects_animals_cat.png,"The sleek glass facade of a modern skyscraper, where the reflections of surrounding buildings and the play of light and shadow subtly align to form the faint, emerging silhouette of a cat.","Modify the grid lines of the windows to subtly form the outline of a cat, using the existing reflections and patterns in the glass."
387,Directional Texture,Van Gogh style Starry Night painting.,065_directional_texture.png,Non-Rigid Objects,Animals,a cat,097_non_rigid_objects_animals_cat.png,"A Van Gogh style oil painting of a starry night, where the swirling blue and yellow brushstrokes and the textured sky subtly arrange themselves to reveal the faint silhouette of a cat, its form emerging from the swirling strokes of the stars and the dark contours of the horizon.","Bend the swirling brushstrokes and curving lines of the sky and landscape to subtly form the shape of a cat, using the existing textures without introducing any new elements."
388,Low-Frequency Smooth Texture,Smooth abstract beige curves with soft shadows.,097_low_frequency_smooth_texture.png,Non-Rigid Objects,Animals,a cat,097_non_rigid_objects_animals_cat.png,"Smooth abstract beige curves with soft shadows, where the undulating lines and subtle shading mysteriously align to form the faint, subliminal silhouette of a cat.","Subtly adjust the existing soft shadows and gentle shading within the beige curves to faintly suggest the outline of a cat’s face and ears, disguising the form as natural variations in the smooth abstract surface without adding new elements."
389,High-Frequency Texture,Scattered red and yellow maple leaves on grass.,002_high_frequency_texture.png,Non-Rigid Objects,Animals,a dog,098_non_rigid_objects_animals_dog.png,"Scattered red and yellow maple leaves across a grassy field, where the arrangement of leaves and the interplay of light and shadows subtly form the faint, illusionary shape of a dog resting among the foliage.",Subtly rearrange the scattered leaves and their shadows to faintly form the silhouette of a dog without adding new objects.
390,Structured Texture,Straight highway stretching to the horizon.,034_structured_texture.png,Non-Rigid Objects,Animals,a dog,098_non_rigid_objects_animals_dog.png,"A straight highway stretching endlessly toward the horizon, where the subtle curve of the road and the fading light create a negative space that vaguely forms the silhouette of a dog in the distance.","Modify the alignment of the road markings and the subtle texture of the asphalt to form a faint, subliminal shape of a dog, using only the existing lines and textures."
391,Directional Texture,Traditional Chinese ink wash mountains.,066_directional_texture.png,Non-Rigid Objects,Animals,a dog,098_non_rigid_objects_animals_dog.png,"A traditional Chinese ink wash landscape of misty mountains, where the flowing brushstrokes and subtle gradients of shadow and light seem to merge, forming the faint, emergent silhouette of a dog nestled within the peaks and valleys.","Alter the flowing lines of the ink wash mountains and their subtle gradients to subtly suggest the shape of a dog, with the contours barely visible within the natural flow of the landscape."
392,Low-Frequency Smooth Texture,Pristine white snowfield with gentle slopes.,098_low_frequency_smooth_texture.png,Non-Rigid Objects,Animals,a dog,098_non_rigid_objects_animals_dog.png,"A pristine white snowfield with gentle slopes, where the subtle arrangement of snow drifts and shadows cast by distant hills creates the faint, emergent silhouette of a dog, hidden within the landscape.","Subtly adjust the smooth shading of the snowfield to faintly form the outline of a dog, blending it seamlessly with the surrounding snow."
393,High-Frequency Texture,A pile of fresh colorful fruits at a market.,003_high_frequency_texture.png,Non-Rigid Objects,Animals,an elephant,099_non_rigid_objects_animals_elephant.png,"A vibrant pile of fresh, colorful fruits at a market, where the arrangement of round citrus fruits and the shadows cast by larger fruits subtly form the silhouette of an elephant in the background.",Subtly rearrange the colorful fruits and their shadows to faintly form the shape of an elephant without adding new objects.
394,Structured Texture,Library shelves filled with books.,035_structured_texture.png,Non-Rigid Objects,Animals,an elephant,099_non_rigid_objects_animals_elephant.png,"A library with shelves filled with books, where the arrangement of the spines, shadows, and subtle gaps between the rows of books create an emergent illusion of an elephant's shape, as if formed by the negative space and the natural flow of the scene.","Modify the arrangement of the books and the shadows between them to subtly form the shape of an elephant, blending seamlessly with the existing structure of the shelves."
395,Directional Texture,Cyberpunk street with neon rain.,067_directional_texture.png,Non-Rigid Objects,Animals,an elephant,099_non_rigid_objects_animals_elephant.png,"A cyberpunk street illuminated by neon lights and drenched in rain, where the reflections on the wet pavement and the vibrant glow of the signs subtly create the faint, abstract silhouette of an elephant in the chaotic urban landscape.","Subtly bend the flow of neon rain streaks, reflections, and street light trails so their directional lines faintly suggest the silhouette of an elephant, using existing shadows and highlights to disguise the form within the cyberpunk scene."
396,Low-Frequency Smooth Texture,Calm lake with subtle water ripples.,099_low_frequency_smooth_texture.png,Non-Rigid Objects,Animals,an elephant,099_non_rigid_objects_animals_elephant.png,"A calm lake with gentle ripples on the surface, where the subtle undulations of the water and the play of light and shadow naturally form the faint, subliminal outline of an elephant, its shape emerging from the reflections and soft curves of the water.",Subtly adjust the smooth water ripples and their reflections to create a barely visible impression of an elephant's shape.
397,High-Frequency Texture,Underwater coral reef with schools of fish.,004_high_frequency_texture.png,Non-Rigid Objects,Animals,a lion,100_non_rigid_objects_animals_lion.png,"An underwater coral reef teeming with vibrant coral formations and schools of fish, where the shifting shadows and patterns of the water subtly form the illusion of a lion's face, emerging through the play of light and movement.",Subtly rearrange the scattered coral formations and fish patterns to faintly form the silhouette of a lion without adding new objects.
398,Structured Texture,Electronic circuit board with golden traces.,036_structured_texture.png,Non-Rigid Objects,Animals,a lion,100_non_rigid_objects_animals_lion.png,"An intricate electronic circuit board with golden traces, where the arrangement of lines and glowing connections subtly forms the shape of a lion, its mane emerging from the delicate network of circuits and shadows.","Alter the alignment of the circuit traces and their intersections to subtly form the silhouette of a lion, ensuring the pattern remains consistent with the electronic components."
399,Directional Texture,Colorful abstract watercolor painting.,068_directional_texture.png,Non-Rigid Objects,Animals,a lion,100_non_rigid_objects_animals_lion.png,"A vibrant, colorful abstract watercolor painting, where the fluid brushstrokes and blending of hues subtly arrange themselves to form the faint, emergent silhouette of a lion's face, its mane suggested by swirling patterns and splashes of color.","Alter the flowing brushstrokes and the directional patterns of the watercolor to subtly suggest the shape of a lion's face, using color transitions and shadows without introducing any new elements."
400,Low-Frequency Smooth Texture,Blue sky with soft shapeless clouds.,100_low_frequency_smooth_texture.png,Non-Rigid Objects,Animals,a lion,100_non_rigid_objects_animals_lion.png,"A blue sky with soft, shapeless clouds drifting lazily, where the subtle interplay of light and shadow in the cloud formations evokes the faint, illusionary outline of a lion's face.","Subtly adjust the shading and contours of the clouds to create a barely visible outline that resembles the shape of a lion's head, blending seamlessly with the sky."
401,High-Frequency Texture,A field of blooming colorful wildflowers.,005_high_frequency_texture.png,Non-Rigid Objects,Animals,a horse,101_non_rigid_objects_animals_horse.png,"A vibrant field of blooming colorful wildflowers, where the gentle sway of petals and the interplay of light and shadows subtly form the silhouette of a horse emerging from the pattern of flowers and foliage.",Subtly rearrange the petals and stems of the wildflowers to faintly form the silhouette of a horse without adding new elements.
402,Structured Texture,Striped shadows from window blinds.,037_structured_texture.png,Non-Rigid Objects,Animals,a horse,101_non_rigid_objects_animals_horse.png,"Striped shadows cast by window blinds, where the alternating dark and light bands subtly form the illusion of a horse, emerging from the interplay of negative space and shadow.","Modify the alignment and spacing of the striped window-blind shadows to subtly form a faint horse silhouette, using only the existing linear shadow patterns and light-dark contrasts without introducing new shapes."
403,Directional Texture,Colorful ink smoke in water.,069_directional_texture.png,Non-Rigid Objects,Animals,a horse,101_non_rigid_objects_animals_horse.png,"Colorful ink smoke swirling and diffusing in water, where the vibrant hues and fluid motion subtly arrange themselves to form the faint, illusionary silhouette of a horse, emerging from the swirling patterns of color.","Subtly alter the flow and curvature of the existing ink smoke plumes, gently bending their directional currents and color gradients so they faintly suggest the silhouette of a horse, disguised within the natural motion of the ink without adding new elements."
404,Low-Frequency Smooth Texture,Soft diffuse shadows on a curved white wall.,101_low_frequency_smooth_texture.png,Non-Rigid Objects,Animals,a horse,101_non_rigid_objects_animals_horse.png,"Soft diffuse shadows on a curved white wall, where the interplay of light and shadow subtly forms the faint silhouette of a horse, emerging from the smooth curves and gentle transitions of the surface.","Subtly alter the existing diffuse shadows on the curved white wall, using barely perceptible shading variations to faintly suggest the outline and posture of a horse, disguised entirely within the natural light and surface curvature without adding new elements."
405,High-Frequency Texture,Rough riverbed covered with jagged rocks.,006_high_frequency_texture.png,Non-Rigid Objects,Animals,a deer,102_non_rigid_objects_animals_deer.png,"A rough riverbed covered with jagged rocks, where the arrangement of boulders and scattered pebbles, along with the flow of water, subtly form the silhouette of a deer, emerging through the natural negative spaces and shadows.",Subtly rearrange the jagged rocks and shadows to faintly form the outline of a deer without adding new objects.
406,Structured Texture,Vertical bamboo forest stalks.,038_structured_texture.png,Non-Rigid Objects,Animals,a deer,102_non_rigid_objects_animals_deer.png,"A vertical bamboo forest with tall, slender stalks reaching towards the sky, where the natural arrangement of the bamboo and the interplay of light and shadows subtly form the silhouette of a deer, blending seamlessly into the forest's textures.","Modify the alignment and spacing of the bamboo stalks to subtly form the silhouette of a deer, using the natural patterns of the stalks and shadows."
407,Directional Texture,Impasto oil painting of ocean waves.,070_directional_texture.png,Non-Rigid Objects,Animals,a deer,102_non_rigid_objects_animals_deer.png,"An impasto oil painting of crashing ocean waves, where the textured brushstrokes and the movement of the water subtly create the silhouette of a deer, its form emerging from the interplay of foam and swirling currents.","Alter the flow of the ocean waves and their texture to subtly suggest the shape of a deer, using the natural curves and shadows of the waves."
408,Low-Frequency Smooth Texture,Foggy lake with varying mist density.,102_low_frequency_smooth_texture.png,Non-Rigid Objects,Animals,a deer,102_non_rigid_objects_animals_deer.png,"A foggy lake with varying mist density, where the shifting layers of mist and subtle breaks in the haze create a faint, emergent silhouette of a deer, its shape revealed through the interplay of light and shadow.","Subtly adjust the mist and shading patterns in the foggy lake to faintly form the outline of a deer, ensuring the shape is barely visible and blends seamlessly with the surrounding atmosphere."
409,High-Frequency Texture,Old brick wall covered in graffiti.,007_high_frequency_texture.png,Non-Rigid Objects,Animals,a rabbit,103_non_rigid_objects_animals_rabbit.png,"An old brick wall covered in vibrant graffiti, where the layers of spray paint and the wear of the bricks subtly arrange themselves to suggest the faint silhouette of a rabbit, emerging from the texture and colors of the artwork.","Subtly rearrange the graffiti and worn edges of the bricks to faintly form the shape of a rabbit, using existing textures and patterns without adding new objects."
410,Structured Texture,Warehouse shelves with stacked boxes.,039_structured_texture.png,Non-Rigid Objects,Animals,a rabbit,103_non_rigid_objects_animals_rabbit.png,"A warehouse filled with shelves stacked with boxes, where the arrangement of boxes and subtle interplay of light and shadows creates the faint, emergent silhouette of a rabbit in the background.","Modify the arrangement and alignment of the stacked boxes on the warehouse shelves to subtly form the shape of a rabbit, without adding any new elements."
411,Directional Texture,Detailed pencil sketch of a clock.,071_directional_texture.png,Non-Rigid Objects,Animals,a rabbit,103_non_rigid_objects_animals_rabbit.png,"A detailed pencil sketch of an antique clock, where the intricate gears, tick marks, and shaded curves subtly arrange themselves into the faint, illusionary silhouette of a rabbit, emerging from the negative space and fine lines of the clock's design.","Alter the flow of the pencil lines and shading around the clock's face and hands to subtly form the outline of a rabbit, blending it into the existing sketch without introducing any new elements."
412,Low-Frequency Smooth Texture,Softly curved white paper sheet.,103_low_frequency_smooth_texture.png,Non-Rigid Objects,Animals,a rabbit,103_non_rigid_objects_animals_rabbit.png,"A softly curved white paper sheet, where the gentle folds and subtle shadows create a subliminal illusion of a rabbit, its outline emerging from the interplay of light and texture.","Subtly adjust the soft folds and shadows in the white paper to create a barely visible impression of a rabbit's shape, using the natural creases and light variations."
413,High-Frequency Texture,Raindrops splashing on a wet city street.,008_high_frequency_texture.png,Non-Rigid Objects,Animals,a bear,104_non_rigid_objects_animals_bear.png,"Raindrops splashing on a wet city street, where the reflections in the puddles and the scattered droplets subtly form the silhouette of a bear, as if emerging from the chaotic ripples and shadows.","Subtly rearrange the raindrop splashes, ripples, and reflected highlights on the wet street so that the existing droplets and noise faintly suggest the silhouette of a bear, disguised within the natural splash patterns without adding new elements."
414,Structured Texture,Vertical columns inside a Gothic cathedral.,040_structured_texture.png,Non-Rigid Objects,Animals,a bear,104_non_rigid_objects_animals_bear.png,"Vertical columns inside a Gothic cathedral, where the intricate stonework and the interplay of light and shadow subtly create the illusion of a bear's silhouette, emerging from the negative space between the columns.","Alter the alignment and structure of the vertical columns and arches to subtly form the shape of a bear, using the existing shadows and patterns to disguise its form."
415,Directional Texture,Ukiyo-e style Great Wave.,072_directional_texture.png,Non-Rigid Objects,Animals,a bear,104_non_rigid_objects_animals_bear.png,"A Ukiyo-e style Great Wave crashing against the shore, where the fluid motion of the water and the intricate patterns of foam and waves subtly form the silhouette of a bear emerging from the crest of the wave.","Subtly alter the flowing curves and directional lines of the waves and foam so their arcs and negative space faintly suggest the silhouette of a bear, using only the existing wave patterns and shadows, disguised within the natural motion of the Great Wave."
416,Low-Frequency Smooth Texture,Black smooth silk fabric with flowing folds.,104_low_frequency_smooth_texture.png,Non-Rigid Objects,Animals,a bear,104_non_rigid_objects_animals_bear.png,"Black smooth silk fabric with flowing folds, where the curves and shadows of the fabric subtly arrange themselves to form the faint silhouette of a bear, emerging through the play of light and shadow.","Subtly adjust the smooth folds and shadows of the silk fabric to create a faint outline that resembles a bear, blending seamlessly with the fabric's natural flow."
417,High-Frequency Texture,A pile of rusty mechanical gears.,009_high_frequency_texture.png,Non-Rigid Objects,Animals,a wolf,105_non_rigid_objects_animals_wolf.png,"A pile of rusty mechanical gears, where the arrangement of twisted metal parts and shadows subtly forms the outline of a wolf, with the jagged edges and negative spaces creating an illusionary silhouette within the cluttered machinery.",Subtly rearrange the rusty gears and fragments to faintly form the silhouette of a wolf without adding new objects.
418,Structured Texture,Checkerboard marble floor pattern.,041_structured_texture.png,Non-Rigid Objects,Animals,a wolf,105_non_rigid_objects_animals_wolf.png,"A checkerboard marble floor pattern, where the arrangement of light and dark tiles, along with subtle reflections, creates a hidden illusion of a wolf's silhouette, emerging from the interplay of shadows and shapes.","Modify the alignment of the checkerboard tiles and their subtle shading to form a faint, disguised silhouette of a wolf without introducing any new elements."
419,Directional Texture,Fluid marble texture with gold veins.,073_directional_texture.png,Non-Rigid Objects,Animals,a wolf,105_non_rigid_objects_animals_wolf.png,"A fluid marble texture with golden veins, where the swirling patterns of the marble and the rich golden accents subtly form the faint, illusionary outline of a wolf, emerging from the fluidity of the design.","Alter the flow of the marble's veins and the directional gradients of the fluid texture to subtly form the outline of a wolf, blending it seamlessly into the existing pattern."
420,Low-Frequency Smooth Texture,Infinity pool with gentle water movement.,105_low_frequency_smooth_texture.png,Non-Rigid Objects,Animals,a wolf,105_non_rigid_objects_animals_wolf.png,"An infinity pool with gentle ripples across the water, where the subtle play of light and shadow on the surface forms a faint, emerging silhouette of a wolf, its outline shaped by the shifting waves and reflections.","Subtly adjust the lighting gradients, reflections, and gentle water ripples of the infinity pool to create a barely visible, wolf-shaped outline, using only faint shading and flow in the existing water surface without adding new elements."
421,High-Frequency Texture,Scattered wheat stalks on a harvested field.,010_high_frequency_texture.png,Non-Rigid Objects,Animals,a snake,106_non_rigid_objects_animals_snake.png,"Scattered wheat stalks on a harvested field, where the arrangement of golden stems and shadows subtly twist and curve to form the faint, emergent shape of a snake coiled amidst the dry earth.",Subtly rearrange the scattered wheat stalks and their shadows to faintly form the elongated shape of a snake without adding new objects.
422,Structured Texture,Steel cables of a suspension bridge.,042_structured_texture.png,Non-Rigid Objects,Animals,a snake,106_non_rigid_objects_animals_snake.png,"The steel cables of a suspension bridge stretching across a vast expanse, where the curves and twists of the cables subtly create the illusion of a snake coiling through the air, its sinuous form emerging from the interplay of light and shadow.","Modify the alignment and pattern of the steel cables to subtly form the shape of a snake, using the existing lines and structure to create a faint, disguised outline."
423,Directional Texture,Coffee latte art foam pattern.,074_directional_texture.png,Non-Rigid Objects,Animals,a snake,106_non_rigid_objects_animals_snake.png,"A coffee latte art foam pattern, where the swirls of creamy milk and subtle shading in the foam create a delicate, emerging illusion of a snake, coiling subtly within the intricate design.","Subtly bend the flow of the foam pattern to suggest the curving shape of a snake, using the existing swirls and lines without adding new elements."
424,Low-Frequency Smooth Texture,Pink and orange sunset gradient sky.,106_low_frequency_smooth_texture.png,Non-Rigid Objects,Animals,a snake,106_non_rigid_objects_animals_snake.png,"A pink and orange sunset gradient sky, where the flowing transition of colors and the soft clouds subtly arrange themselves, creating a subliminal illusion of a snake coiling through the horizon.","Subtly adjust the gradient transitions and shading in the sky to faintly form the silhouette of a snake, blending seamlessly with the smooth colors."
425,High-Frequency Texture,Fireworks exploding in the night sky.,011_high_frequency_texture.png,Non-Rigid Objects,Animals,a koi fish,107_non_rigid_objects_animals_fish.png,"A spectacular display of fireworks bursting in the night sky, where the trails of light and smoke subtly arrange themselves to form the delicate, illusionary shape of a koi fish swimming through the air.",Subtly reorganize the bursts of fireworks and sparks to faintly form the shape of a koi fish without adding new elements.
426,Structured Texture,Arrays of solar panels.,043_structured_texture.png,Non-Rigid Objects,Animals,a koi fish,107_non_rigid_objects_animals_fish.png,"A vast array of solar panels stretching across a sunlit field, where the arrangement of reflective surfaces and subtle shadows create the faint, emergent shape of a koi fish gliding beneath the panels.","Modify the alignment of the solar panel grids and their reflections to subtly form the shape of a koi fish, using the existing lines and patterns without adding new objects."
427,Directional Texture,Green aurora lights in the sky.,075_directional_texture.png,Non-Rigid Objects,Animals,a koi fish,107_non_rigid_objects_animals_fish.png,"A serene sky illuminated by vibrant green aurora lights, where the swirling patterns and undulating waves of light subtly form the graceful, flowing silhouette of a koi fish.","Alter the flow of the green aurora lights to subtly bend and form the shape of a koi fish, blending seamlessly with the existing light patterns."
428,Low-Frequency Smooth Texture,Swirling dense gray fog.,107_low_frequency_smooth_texture.png,Non-Rigid Objects,Animals,a koi fish,107_non_rigid_objects_animals_fish.png,"A swirling dense gray fog, where the movement and patterns of mist subtly form the flowing silhouette of a koi fish, emerging from the haze as if shaped by the shifting air currents.","Subtly manipulate the smooth flow of the gray fog, using slight changes in shading and soft transitions, to create a barely visible outline of a koi fish within the mist."
429,High-Frequency Texture,A bowl of ramen with chopped green onions.,012_high_frequency_texture.png,Non-Rigid Objects,Plants,an oak tree,108_non_rigid_objects_plants_oak_tree.png,"A bowl of ramen with chopped green onions, where the delicate arrangement of green onions and the curvature of the ramen noodles subtly form the silhouette of an oak tree, emerging as a natural illusion within the warm broth.","Subtly rearrange the existing noodles, chopped green onions, and surface textures of the ramen so the high-frequency details faintly suggest the branching silhouette of an oak tree, using only the current ingredients and shadows without adding new elements."
430,Structured Texture,Round keys of a vintage typewriter.,044_structured_texture.png,Non-Rigid Objects,Plants,an oak tree,108_non_rigid_objects_plants_oak_tree.png,"A close-up of the round keys of a vintage typewriter, where the arrangement of keys and the subtle shadows they cast on the metal surface suggest the faint, emergent silhouette of an oak tree, its branches and leaves softly forming in the negative space.","Modify the arrangement of the typewriter keys and their reflections to subtly form the silhouette of an oak tree, using the existing grid-like pattern to create the illusion without adding new elements."
431,Directional Texture,Lava lamp wax bubbles.,076_directional_texture.png,Non-Rigid Objects,Plants,an oak tree,108_non_rigid_objects_plants_oak_tree.png,"A series of flowing lava lamp wax bubbles in vibrant colors, where the shifting forms and soft glows subtly arrange themselves to suggest the faint, emerging silhouette of an oak tree, its branches stretching through the liquid motion.","Alter the flow of the lava lamp wax bubbles and their directional movements to subtly form the shape of an oak tree, using the natural curves and flow to suggest its outline."
432,Low-Frequency Smooth Texture,Smooth concrete wall with soft spotlight.,108_low_frequency_smooth_texture.png,Non-Rigid Objects,Plants,an oak tree,108_non_rigid_objects_plants_oak_tree.png,"A smooth concrete wall illuminated by a soft spotlight, where the interplay of light and subtle texture creates a faint, illusionary silhouette of an oak tree, emerging through the shadows and surface patterns.","Subtly adjust the lighting and shading on the concrete surface to create a faint, hidden outline of an oak tree, blending it seamlessly with the existing texture."
433,High-Frequency Texture,Old stone wall covered in climbing ivy.,013_high_frequency_texture.png,Non-Rigid Objects,Plants,a pine tree,109_non_rigid_objects_plants_pine_tree.png,"An old stone wall covered in climbing ivy, where the interwoven vines and textured stone subtly create the faint silhouette of a pine tree, emerging through the patterns of shadows and negative space.","Subtly rearrange the ivy and stone texture to faintly form the shape of a pine tree, using the existing vines and shadows to suggest the tree's silhouette."
434,Structured Texture,Aerial view of a city grid.,045_structured_texture.png,Non-Rigid Objects,Plants,a pine tree,109_non_rigid_objects_plants_pine_tree.png,"An aerial view of a city grid, where the arrangement of streets and buildings, along with the shadows and open spaces, subtly forms the silhouette of a pine tree in the layout of the urban environment.","Modify the grid lines of the city streets to subtly form the shape of a pine tree, using the existing road patterns and intersections without adding new elements."
435,Directional Texture,Reflection in a shattered mirror.,077_directional_texture.png,Non-Rigid Objects,Plants,a pine tree,109_non_rigid_objects_plants_pine_tree.png,"A fragmented reflection in a shattered mirror, where the jagged edges and scattered shards of glass subtly create a fragmented illusion of a pine tree, its silhouette emerging from the reflective surfaces and negative space.","Alter the shattered fragments and their reflections to subtly bend and align, faintly suggesting the shape of a pine tree amidst the cracks."
436,Low-Frequency Smooth Texture,A large pool of white milk with gentle waves.,109_low_frequency_smooth_texture.png,Non-Rigid Objects,Plants,a pine tree,109_non_rigid_objects_plants_pine_tree.png,"A large pool of white milk with gentle waves, where the ripples and subtle variations in the liquid’s surface form the faint, emergent silhouette of a pine tree, created by the play of light and shadow.","Subtly adjust the gentle waves in the milk to create faint shading that suggests the outline of a pine tree, blending it seamlessly into the texture."
437,High-Frequency Texture,Turbulent ocean waves with white foam.,014_high_frequency_texture.png,Non-Rigid Objects,Plants,a rose,110_non_rigid_objects_plants_rose.png,"Turbulent ocean waves crashing with white foam, where the dynamic interplay of water and foam subtly arranges itself to form the delicate, emergent silhouette of a rose, its petals hinted at by the swirling patterns of the waves.","Subtly rearrange the patterns of the ocean foam and wave crests to faintly form the shape of a rose, blending it seamlessly with the existing texture."
438,Structured Texture,Japanese Tatami room with Shoji doors.,046_structured_texture.png,Non-Rigid Objects,Plants,a rose,110_non_rigid_objects_plants_rose.png,"A serene Japanese Tatami room with Shoji doors, where the soft interplay of light filtering through the paper panels and the subtle arrangement of the tatami mats and wooden beams creates a delicate, subliminal illusion of a rose, its petals faintly emerging in the negative space and shadowed textures.","Subtly modify the alignment of the shoji door lattice and the tatami mat weave so their intersecting lines and panel proportions faintly suggest the layered petals of a rose, using only the existing geometric patterns and shadows without adding new elements."
439,Directional Texture,Low poly 3D landscape.,078_directional_texture.png,Non-Rigid Objects,Plants,a rose,110_non_rigid_objects_plants_rose.png,"A low poly 3D landscape with sharp geometric shapes and vibrant colors, where the arrangement of angular terrain and subtle gradients of color in the foreground creates a faint, emergent silhouette of a rose, blending seamlessly with the stylized environment.","Bend the flow of the polygonal surfaces and shadows in the landscape to subtly form the shape of a rose, without adding any new elements."
440,Low-Frequency Smooth Texture,Snow-covered smooth rolling roof.,110_low_frequency_smooth_texture.png,Non-Rigid Objects,Plants,a rose,110_non_rigid_objects_plants_rose.png,"A snow-covered, smooth rolling roof where the delicate patterns of frost and subtle shifts in light create an illusionary arrangement that evokes the faint, organic shape of a rose, formed by the negative space between the snowy drifts.","Subtly adjust the smooth contours of the snow-covered roof and add faint shading to suggest the delicate shape of a rose, without introducing any distinct outlines."
441,High-Frequency Texture,Green plant cells under a microscope.,015_high_frequency_texture.png,Non-Rigid Objects,Plants,a sunflower,111_non_rigid_objects_plants_sunflower.png,"A close-up view of green plant cells under a microscope, where the intricate cellular structure and natural patterns of chloroplasts and cell walls subtly form the shape of a sunflower, as if emerging from the cellular matrix.","Subtly rearrange the fine details of the plant cells and their intricate patterns to faintly form the shape of a sunflower, using the existing cell structures and light variations."
442,Structured Texture,Server racks in a data center.,047_structured_texture.png,Non-Rigid Objects,Plants,a sunflower,111_non_rigid_objects_plants_sunflower.png,"A vast network of server racks in a high-tech data center, where the arrangement of cables, cooling fans, and reflective surfaces subtly creates the illusion of a blooming sunflower, its petals forming from the patterns of light and shadows between the racks.","Modify the alignment of the server racks' grid to subtly suggest the shape of a sunflower, with the lines and shadows forming a faint, subliminal floral pattern."
443,Directional Texture,Colorful stained glass light spots.,079_directional_texture.png,Non-Rigid Objects,Plants,a sunflower,111_non_rigid_objects_plants_sunflower.png,"A vibrant array of colorful stained glass light spots scattered across a room, where the interplay of vivid hues and shadows subtly forms the outline of a sunflower, its petals emerging through the shifting light patterns.","Alter the flow of the light spots and their reflections to subtly suggest the shape of a sunflower, with the spots forming the petals and the center."
444,Low-Frequency Smooth Texture,Smooth ceramic surface with soft diffuse light reflections.,111_low_frequency_smooth_texture.png,Non-Rigid Objects,Plants,a sunflower,111_non_rigid_objects_plants_sunflower.png,"A smooth ceramic surface with soft diffuse light reflections, where the subtle patterns of light and shadow gently converge to form the faint, emergent silhouette of a sunflower, its petals delicately outlined by the interplay of glossy and matte textures.","Subtly adjust the light reflections on the ceramic surface to create a barely visible, faint outline that resembles the shape of a sunflower."
445,High-Frequency Texture,A pile of colorful LEGO bricks.,016_high_frequency_texture.png,Non-Rigid Objects,Plants,a maple leaf,112_non_rigid_objects_plants_maple_leaf.png,"A vibrant pile of colorful LEGO bricks, where the arrangement of the bricks and the play of light and shadow subtly form the shape of a maple leaf in the center of the scene.",Subtly rearrange the colorful LEGO bricks and their shadows to faintly form the shape of a maple leaf without adding new objects.
446,Structured Texture,Brick sidewalk with herringbone pattern.,048_structured_texture.png,Non-Rigid Objects,Plants,a maple leaf,112_non_rigid_objects_plants_maple_leaf.png,"A brick sidewalk with a herringbone pattern, where the arrangement of bricks and subtle variations in texture and shadow unexpectedly form the faint, emergent silhouette of a maple leaf.",Modify the alignment of the bricks in the herringbone pattern to subtly form the shape of a maple leaf without adding new elements.
447,Directional Texture,Silk fabric blowing in wind.,080_directional_texture.png,Non-Rigid Objects,Plants,a maple leaf,112_non_rigid_objects_plants_maple_leaf.png,"Silk fabric billowing in the wind, where the soft folds and delicate creases subtly form the faint silhouette of a maple leaf, as if woven into the fabric by the play of light and shadow.","Subtly bend and redirect the flowing folds and ripples of the silk fabric so their directional lines faintly align to suggest the outline and lobed shape of a maple leaf, disguised within the natural motion and highlights of the fabric without adding new elements."
448,Low-Frequency Smooth Texture,Undulating smooth matte clay surface.,112_low_frequency_smooth_texture.png,Non-Rigid Objects,Plants,a maple leaf,112_non_rigid_objects_plants_maple_leaf.png,"An undulating smooth matte clay surface, where the subtle curves and textures of the clay form a faint, emergent silhouette of a maple leaf, as if shaped by the natural flow and creases of the material.","Subtly adjust the smooth curves of the clay surface and apply faint shading to suggest the delicate outline of a maple leaf, barely visible against the background."
449,High-Frequency Texture,Pine forest in a heavy snowstorm.,017_high_frequency_texture.png,Non-Rigid Objects,Plants,a mushroom,113_non_rigid_objects_plants_mushroom.png,"A dense pine forest blanketed in a heavy snowstorm, where the accumulation of snow on branches and the interplay of wind and falling snow subtly form the faint, illusionary silhouette of a mushroom emerging from the forest floor.",Subtly rearrange the snowflakes and tree branches to faintly form the shape of a mushroom without introducing new objects.
450,Structured Texture,Construction scaffolding grid.,049_structured_texture.png,Non-Rigid Objects,Plants,a mushroom,113_non_rigid_objects_plants_mushroom.png,"A construction scaffolding grid, where the intricate metal bars and overlapping beams subtly form the faint, emergent shape of a mushroom, as shadows and negative space between the structures suggest its cap and stem.","Modify the grid of the scaffolding to subtly align the vertical and horizontal beams in a way that faintly resembles the shape of a mushroom, without introducing new elements."
451,Directional Texture,Abstract fractal geometric pattern.,081_directional_texture.png,Non-Rigid Objects,Plants,a mushroom,113_non_rigid_objects_plants_mushroom.png,"An abstract fractal geometric pattern, where the intricate shapes and flowing curves subtly converge to form the faint, illusionary silhouette of a mushroom, emerging from the complex layers of design.","Bend the flow of the fractal lines and shapes to subtly suggest the form of a mushroom, using the existing directional patterns to create a faint and disguised outline."
452,Low-Frequency Smooth Texture,Polished concrete floor with blurred reflections.,113_low_frequency_smooth_texture.png,Non-Rigid Objects,Plants,a mushroom,113_non_rigid_objects_plants_mushroom.png,"A polished concrete floor with blurred reflections, where the interplay of light and subtle textures creates a faint, emergent silhouette resembling a mushroom, as if formed by the soft distortion of the reflections and surface patterns.","Subtly adjust the shading and light reflections on the concrete floor to faintly suggest the shape of a mushroom, blending it seamlessly with the existing textures."
453,High-Frequency Texture,A close-up pile of dark coffee beans.,018_high_frequency_texture.png,Non-Rigid Objects,Plants,a cactus,114_non_rigid_objects_plants_cactus.png,"A close-up pile of dark coffee beans, where the arrangement of beans and the subtle interplay of shadows and highlights create a subliminal illusion of a cactus emerging from the depth of the pile.",Subtly rearrange the dark coffee beans and their shadows to faintly form the silhouette of a cactus without adding new objects.
454,Structured Texture,Metal pipes of a church organ.,050_structured_texture.png,Non-Rigid Objects,Plants,a cactus,114_non_rigid_objects_plants_cactus.png,"A series of metal pipes from a church organ, where the subtle reflections of light and shadow along the cylindrical surfaces and the arrangement of pipes suggest the faint, emergent shape of a cactus, its silhouette forming within the intricate pattern of the organ's structure.","Modify the alignment and structure of the metal pipes to subtly form the shape of a cactus, blending it with the existing patterns without adding new objects."
455,Directional Texture,Thermal camera view of a city.,082_directional_texture.png,Non-Rigid Objects,Plants,a cactus,114_non_rigid_objects_plants_cactus.png,"A thermal camera view of a cityscape at night, where the warm glowing patterns of buildings, roads, and streetlights subtly align to suggest the faint, emerging silhouette of a cactus in the midst of the urban sprawl.","Alter the flow of the heat patterns and directional heat gradients in the thermal camera view to subtly form the shape of a cactus, blending it naturally with the existing cityscape."
456,Low-Frequency Smooth Texture,White plaster sphere with soft shading.,114_low_frequency_smooth_texture.png,Non-Rigid Objects,Plants,a cactus,114_non_rigid_objects_plants_cactus.png,"A white plaster sphere with soft, delicate shading, where subtle indentations and gradients in the surface subtly suggest the shape of a cactus, as if emerging from the smooth curves of the sphere.","Subtly adjust the soft shading on the white plaster sphere to suggest the faint outline of a cactus, blending the contours seamlessly into the existing texture."
457,High-Frequency Texture,A crowded music festival audience.,019_high_frequency_texture.png,Non-Rigid Objects,Plants,a fern,115_non_rigid_objects_plants_fern.png,"A bustling music festival crowd, where the scattered patterns of raised arms, clothing folds, and the interplay of light and shadow subtly form the faint, illusionary shape of a fern, blending seamlessly into the chaos of the scene.","Subtly rearrange the chaotic patterns of people, clothing, and light reflections to faintly form the shape of a fern without adding new objects."
458,Structured Texture,Top-down view of a spiral staircase.,051_structured_texture.png,Non-Rigid Objects,Plants,a fern,115_non_rigid_objects_plants_fern.png,"A top-down view of a spiral staircase, where the swirling wooden steps and their alternating shadows subtly arrange themselves to evoke the faint, emergent outline of a fern in the negative space between the railings.","Modify the grid-like pattern of the staircase steps to subtly resemble the delicate outline of a fern, blending the natural curves into the existing structure."
459,Directional Texture,Vaporwave sunset with grid.,083_directional_texture.png,Non-Rigid Objects,Plants,a fern,115_non_rigid_objects_plants_fern.png,"A vibrant vaporwave sunset with a glowing grid stretching into the horizon, where the interplay of neon hues and grid lines subtly form the silhouette of a fern, emerging from the gradient sky and grid's negative space.","Alter the lines of the grid and the gradient of the sunset to subtly bend and flow in a way that resembles the shape of a fern, blending seamlessly into the existing pattern."
460,Low-Frequency Smooth Texture,Abstract green bokeh background.,115_low_frequency_smooth_texture.png,Non-Rigid Objects,Plants,a fern,115_non_rigid_objects_plants_fern.png,"An abstract green bokeh background, where the soft, blurred circles of light and color subtly arrange themselves to form the faint, organic silhouette of a fern, emerging from the haze of the scene.","Subtly adjust the smooth bokeh shapes and their lighting to gently form the outline of a fern, blending it with the background."
461,High-Frequency Texture,Messy stacks of old books and papers.,020_high_frequency_texture.png,Non-Rigid Objects,Plants,a lotus,116_non_rigid_objects_plants_lotus.png,"A disorganized pile of old books and scattered papers, where the arrangement of pages and overlapping covers subtly form the delicate, emerging silhouette of a lotus flower, as if revealed through the interplay of shadows and negative space.","Subtly rearrange the crumpled papers and worn edges of the books to faintly form the delicate petals of a lotus, without adding new objects."
462,Structured Texture,Industrial pipelines in a factory.,052_structured_texture.png,Non-Rigid Objects,Plants,a lotus,116_non_rigid_objects_plants_lotus.png,"A maze of industrial pipelines within a factory, where the curved metal pipes and reflective surfaces subtly align and cast shadows that form the delicate, illusionary shape of a lotus flower.","Alter the alignment of the industrial pipelines to subtly form the shape of a lotus flower, using the pipes' curves and intersections without adding new objects."
463,Directional Texture,Rough charcoal portrait sketch.,084_directional_texture.png,Non-Rigid Objects,Plants,a lotus,116_non_rigid_objects_plants_lotus.png,"A rough charcoal portrait sketch, where the subtle smudges and shading of the figure's contours and features create a faint, emerging illusion of a lotus flower, its petals softly forming from the textured strokes of the charcoal.","Subtly alter and bend the existing charcoal stroke directions and shading flows within the portrait so that the natural lines of the sketch faintly suggest the layered petal symmetry of a lotus, disguised within the original contours and shadows without adding new elements."
464,Low-Frequency Smooth Texture,Soft melting candle wax flow.,116_low_frequency_smooth_texture.png,Non-Rigid Objects,Plants,a lotus,116_non_rigid_objects_plants_lotus.png,"Soft melting candle wax flowing in smooth, curving patterns, where the gentle drips and folds subtly arrange themselves to form the faint, emerging silhouette of a lotus flower.","Subtly alter the flow of the melting candle wax to create a faint, smooth pattern that resembles the shape of a lotus flower, using soft shading to form the petals."
465,High-Frequency Texture,Dry cracked earth texture.,021_high_frequency_texture.png,Non-Rigid Objects,Plants,a palm tree,117_non_rigid_objects_plants_palm_tree.png,"A dry cracked earth texture, where the fissures and patterns of the parched soil subtly arrange themselves to form the faint, emergent silhouette of a palm tree, its trunk and fronds suggested by the interplay of cracks and shadow.","Subtly rearrange the cracked earth patterns and shadows to faintly form the silhouette of a palm tree, without introducing new elements."
466,Structured Texture,Chain-link fence texture.,053_structured_texture.png,Non-Rigid Objects,Plants,a palm tree,117_non_rigid_objects_plants_palm_tree.png,"A detailed chain-link fence texture, where the arrangement of interwoven metal wires and the interplay of light and shadow subtly forms the faint, subliminal silhouette of a palm tree, with its fronds and trunk emerging through negative space.","Modify the alignment and spacing of the chain-link fence pattern so the existing metal links and intersections subtly form the faint silhouette of a palm tree, disguising the shape within the grid without adding new elements."
467,Directional Texture,Psychedelic kaleidoscope pattern.,085_directional_texture.png,Non-Rigid Objects,Plants,a palm tree,117_non_rigid_objects_plants_palm_tree.png,"A vibrant psychedelic kaleidoscope pattern, where the swirling colors and mirrored shapes subtly converge to form the emergent silhouette of a palm tree, creating a mesmerizing optical illusion.","Alter the flow and symmetry of the kaleidoscope pattern to subtly form the shape of a palm tree, using the existing lines and directional textures without introducing new elements."
468,Low-Frequency Smooth Texture,Curved white concrete architecture.,117_low_frequency_smooth_texture.png,Non-Rigid Objects,Plants,a palm tree,117_non_rigid_objects_plants_palm_tree.png,"A series of curved white concrete structures, where the smooth, flowing lines and subtle shadows cleverly form the silhouette of a palm tree, emerging from the negative space between the curves.","Subtly alter the lighting gradients and soft shadows across the curved white concrete surfaces so that the existing curves and tonal variations faintly suggest the silhouette of a palm tree, disguised as natural shading in the architecture without adding new elements."
469,High-Frequency Texture,Aerial view of sheep on a grassland.,022_high_frequency_texture.png,Non-Rigid Objects,Plants,coral,118_non_rigid_objects_plants_coral.png,"An aerial view of a flock of sheep scattered across a vast grassland, where the natural arrangement of the animals and the undulating patterns of grass subtly form the illusion of a coral reef, with shapes and textures resembling the intricate branching structures of coral beneath the surface.","Subtly rearrange the patches of grass and scattered sheep to faintly form the shape of coral, using the existing textures and patterns to blend it naturally."
470,Structured Texture,Traditional tiled roof rows.,054_structured_texture.png,Non-Rigid Objects,Plants,coral,118_non_rigid_objects_plants_coral.png,"A series of traditional tiled roof rows, where the arrangement of the tiles and the interplay of light and shadow subtly forms the outline of coral, emerging as an illusion within the repetitive patterns of the roofs.","Modify the alignment of the roof tiles to subtly create a pattern that hints at the shape of a coral reef, using the natural grid lines and shadows of the tiles."
471,Directional Texture,Flowing liquid metal surface.,086_directional_texture.png,Non-Rigid Objects,Plants,coral,118_non_rigid_objects_plants_coral.png,"A flowing liquid metal surface, where the ripples and reflective sheen subtly form an illusion of coral-like structures, with smooth metallic curves and shadows suggesting delicate branches and intricate patterns of underwater coral formations.","Subtly bend and redirect the natural flow lines and highlights of the liquid metal so they faintly branch and cluster into coral-like forms, using only existing reflections and ripples to disguise the illusion without adding new elements."
472,Low-Frequency Smooth Texture,Soft beige matte silk fabric folds with gentle gradients.,118_low_frequency_smooth_texture.png,Non-Rigid Objects,Plants,coral,118_non_rigid_objects_plants_coral.png,"Soft beige matte silk fabric folds with gentle gradients, where the subtle play of light and shadow within the folds creates a faint, organic illusion resembling the intricate shapes of coral.","Subtly alter the gentle gradients and folds of the silk fabric to create a barely visible, organic shape that evokes the subtle outline of coral."
473,High-Frequency Texture,Shattered colorful glass shards.,023_high_frequency_texture.png,Non-Rigid Objects,Human Bodies,a face silhouette,119_non_rigid_objects_human_bodies_face_silhouette.png,"A scattered array of shattered colorful glass shards, where the jagged edges and reflections of light subtly form the faint silhouette of a face, emerging from the intricate patterns of broken glass.","Subtly rearrange the positions, overlaps, and shadow contrasts of the existing colorful glass shards so their chaotic edges faintly align into a barely visible face silhouette, using only the current fragments and reflections without introducing new elements."
474,Structured Texture,Geometric glass dome structure.,055_structured_texture.png,Non-Rigid Objects,Human Bodies,a face silhouette,119_non_rigid_objects_human_bodies_face_silhouette.png,"A geometric glass dome structure, where the reflections and angles of the panes subtly arrange themselves, creating a faint and hidden silhouette of a face within the intricate lines and shadows.",Modify the grid pattern of the glass panels to subtly form a faint face silhouette without introducing new elements.
475,Directional Texture,8-bit pixel art landscape.,087_directional_texture.png,Non-Rigid Objects,Human Bodies,a face silhouette,119_non_rigid_objects_human_bodies_face_silhouette.png,"An 8-bit pixel art landscape, where the arrangement of pixelated clouds, hills, and trees subtly form the outline of a face silhouette, emerging from the background in a surprising, abstract manner.","Alter the pixel flow and arrangement of the landscape elements to subtly form the silhouette of a face, using the existing lines and patterns of the 8-bit art."
476,Low-Frequency Smooth Texture,Smooth rolling hills covered in snow.,119_low_frequency_smooth_texture.png,Non-Rigid Objects,Human Bodies,a face silhouette,119_non_rigid_objects_human_bodies_face_silhouette.png,"Smooth rolling hills covered in snow, where the gentle undulations of the landscape and subtle variations in the snow's texture create a faint, subliminal silhouette of a face emerging from the distance.","Subtly adjust the shading and contours of the snow on the hills to create a barely visible silhouette of a face, using the natural curves and smooth transitions of the landscape."
477,High-Frequency Texture,Old TV static noise screen.,024_high_frequency_texture.png,Non-Rigid Objects,Human Bodies,a face,120_non_rigid_objects_human_bodies_face.png,"An old TV static noise screen, where the random pixelated interference and shifting black-and-white noise subtly align to form the faint, emergent shape of a face, hidden within the chaotic patterns.","Subtly rearrange the static noise to faintly form the silhouette of a face, ensuring it blends seamlessly with the existing patterns."
478,Structured Texture,Rows of purple lavender fields.,056_structured_texture.png,Non-Rigid Objects,Human Bodies,a face,120_non_rigid_objects_human_bodies_face.png,"Rows of vibrant purple lavender fields stretching into the distance, where the gentle flow of the plants and the play of light and shadows subtly arrange themselves to form the faint, emergent silhouette of a face.","Alter the alignment of the lavender rows and the spacing between the plants to subtly form the silhouette of a face, using the existing structure of the fields and shadows."
479,Directional Texture,Impressionist sunrise painting.,088_directional_texture.png,Non-Rigid Objects,Human Bodies,a face,120_non_rigid_objects_human_bodies_face.png,"An impressionist-style sunrise painting, where the soft, blended hues of orange and pink subtly form a faint, subliminal silhouette of a face in the shifting clouds and gentle waves of light.","Subtly bend the flow of the brushstrokes and light patterns in the sunrise to faintly suggest the outline of a face, without introducing any new elements."
480,Low-Frequency Smooth Texture,Soft white duvet with gentle flowing undulations.,120_low_frequency_smooth_texture.png,Non-Rigid Objects,Human Bodies,a face,120_non_rigid_objects_human_bodies_face.png,"A soft white duvet with gentle flowing undulations, where the subtle folds and creases in the fabric arrange themselves to form the faint, emergent outline of a face, almost imperceptible but discernible upon closer inspection.","Subtly adjust the folds and soft shadows of the duvet to faintly suggest the shape of a face, without adding new elements."
481,High-Frequency Texture,Intricate Persian carpet pattern.,025_high_frequency_texture.png,Non-Rigid Objects,Human Bodies,the palm of a hand,121_non_rigid_objects_human_bodies_hand_palm.png,"An intricate Persian carpet pattern, where the complex weave of geometric shapes and rich colors subtly form the faint, emergent outline of a palm of a hand, created through negative space and the arrangement of interwoven threads.","Subtly rearrange the dense ornamental motifs and color variations within the Persian carpet pattern so that the existing shapes and shadows faintly align to suggest the silhouette of a human palm, disguised within the intricate texture without adding new elements."
482,Structured Texture,Supermarket shelves with products.,057_structured_texture.png,Non-Rigid Objects,Human Bodies,the palm of a hand,121_non_rigid_objects_human_bodies_hand_palm.png,"A supermarket aisle filled with neatly arranged products on shelves, where the positioning of items and the subtle play of light and shadows along the rows create the illusion of the faint, emergent shape of a palm of a hand.","Modify the arrangement of the products on the shelves and the spacing between them to subtly suggest the shape of a hand's palm, using the existing lines and structure of the shelves."
483,Directional Texture,Long exposure traffic light trails.,089_directional_texture.png,Non-Rigid Objects,Human Bodies,the palm of a hand,121_non_rigid_objects_human_bodies_hand_palm.png,"A long exposure of traffic light trails, where the vivid streaks of red and white light subtly converge and swirl, forming the faint, emergent silhouette of a palm of a hand amidst the motion of the vehicles.","Alter the flow and curvature of the light trails to subtly form the outline of a hand's palm, using the directional patterns without introducing new shapes."
484,Low-Frequency Smooth Texture,Soft hazy smoke rising and swirling in dark background.,121_low_frequency_smooth_texture.png,Non-Rigid Objects,Human Bodies,the palm of a hand,121_non_rigid_objects_human_bodies_hand_palm.png,"Soft, hazy smoke swirling in a dark background, where the gentle flow of the mist subtly coalesces to form the faint, subliminal outline of the palm of a hand, its fingers emerging from the fog as a delicate illusion.","Subtly manipulate the soft swirling smoke to gently form the faint outline of the palm of a hand, blending it seamlessly with the dark background."
485,High-Frequency Texture,Raging fire flames and sparks.,026_high_frequency_texture.png,Non-Rigid Objects,Human Bodies,an eye,122_non_rigid_objects_human_bodies_eye.png,"Raging fire flames and sparks, where the flickering tongues of flame and swirling smoke subtly form the emergent, illusionary shape of an eye, as if the flames themselves are gazing out from the inferno.","Subtly rearrange the fiery sparks and the flowing flames to faintly form the shape of an eye, using the existing texture without adding new elements."
486,Structured Texture,Black and white crosswalk stripes.,058_structured_texture.png,Non-Rigid Objects,Human Bodies,an eye,122_non_rigid_objects_human_bodies_eye.png,"A black and white crosswalk, where the stark lines and contrasting shadows subtly align to form the faint, illusionary shape of an eye, emerging from the negative space between the stripes.","Modify the alignment, spacing, and thickness of the existing black and white crosswalk stripes so that their structured pattern subtly curves and converges to form a barely perceptible eye shape, using only the stripe geometry and contrast without adding new elements."
487,Directional Texture,Melted flowing crayon colors.,090_directional_texture.png,Non-Rigid Objects,Human Bodies,an eye,122_non_rigid_objects_human_bodies_eye.png,"A vibrant swirl of melted crayon colors, where the flowing wax and subtle variations in hue create a soft, subliminal illusion of an eye emerging from the patterns of red, blue, and yellow.","Subtly alter the directional flow of the melted crayon colors, gently bending and converging the existing streaks so they faintly suggest the curved outline, iris, and pupil of an eye, disguised within the natural flow without adding new elements."
488,Low-Frequency Smooth Texture,Surface of melted chocolate with swirls.,122_low_frequency_smooth_texture.png,Non-Rigid Objects,Human Bodies,an eye,122_non_rigid_objects_human_bodies_eye.png,"The smooth, glossy surface of melted chocolate, with rich swirls and glossy textures subtly forming the illusion of an eye, its curves and shadows arranging in a way that evokes a faint, hidden gaze within the swirling cocoa pattern.","Subtly alter the smooth shading and highlights within the existing chocolate swirls to faintly suggest the outline and iris of an eye, using only gentle lighting variations so the form is barely visible and disguised within the natural flow of the melted chocolate."
489,High-Frequency Texture,Fluffy dandelion seeds close-up.,027_high_frequency_texture.png,Non-Rigid Objects,Human Bodies,lips,123_non_rigid_objects_human_bodies_lips.png,"A close-up of fluffy dandelion seeds, where the soft, delicate wisps and subtle arrangements of the seeds form the faint, subliminal shape of lips through their intricate patterns and negative space.","Subtly rearrange the existing fluffy dandelion seed filaments and their highlights so the dense clusters and negative space faintly suggest the curved outline of lips, using only the natural noise and texture without adding new elements."
490,Structured Texture,Rows of stadium seats.,059_structured_texture.png,Non-Rigid Objects,Human Bodies,lips,123_non_rigid_objects_human_bodies_lips.png,"Rows of empty stadium seats, where the arrangement of the seats and their shadows subtly form the faint outline of lips, almost hidden within the pattern of the seating.","Modify the alignment of the stadium seat rows to subtly suggest the shape of lips, without adding new objects, using the existing lines and shadows."
491,Directional Texture,Cyanotype blue plant print.,091_directional_texture.png,Non-Rigid Objects,Human Bodies,lips,123_non_rigid_objects_human_bodies_lips.png,"A cyanotype blue plant print, where the intricate patterns of leaves and delicate veins subtly arrange themselves in a way that forms the faint, illusionary silhouette of lips, emerging through the play of light and shadow.","Alter the flow of the plant stems and their shadows to subtly suggest the shape of lips, blending seamlessly with the existing cyanotype print."
492,Low-Frequency Smooth Texture,Blurred view through frosted glass.,123_low_frequency_smooth_texture.png,Non-Rigid Objects,Human Bodies,lips,123_non_rigid_objects_human_bodies_lips.png,"A blurred view through frosted glass, where the interplay of icy textures and soft distortions subtly forms the faint, subliminal outline of lips, suggested by the condensation and frosted patterns.","Subtly adjust the frost patterns on the glass to create a faint, almost imperceptible outline of lips, using smooth shading and slight variations in the texture."
493,High-Frequency Texture,Tangled colorful yarn balls.,028_high_frequency_texture.png,Non-Rigid Objects,Human Bodies,a skull,124_non_rigid_objects_human_bodies_skull.png,"A collection of tangled colorful yarn balls, where the overlapping threads and vibrant colors subtly form the shadowy contours and hollow spaces that suggest the faint silhouette of a skull.",Subtly rearrange the colorful yarns and their entangled shadows to faintly form the outline of a skull without adding new objects.
494,Structured Texture,Woven wicker basket texture.,060_structured_texture.png,Non-Rigid Objects,Human Bodies,a skull,124_non_rigid_objects_human_bodies_skull.png,"A detailed woven wicker basket texture, where the crisscrossing fibers and natural shadows subtly form the faint, emergent outline of a skull, blending seamlessly with the pattern of the weave.","Subtly modify the alignment and spacing of the woven wicker strands so the existing weave pattern faintly suggests the contours of a skull, using slight variations in intersections and shadows without adding any new elements."
495,Directional Texture,Digital glitch art texture.,092_directional_texture.png,Non-Rigid Objects,Human Bodies,a skull,124_non_rigid_objects_human_bodies_skull.png,"A digital glitch art texture, where the fragmented pixels and erratic color distortions subtly align to form the eerie, subliminal silhouette of a skull.",Subtly bend the flow of the glitch lines and distort the directional noise to faintly form the outline of a skull without introducing new elements.
496,Low-Frequency Smooth Texture,Thick flowing honey texture backlit with soft glow.,124_low_frequency_smooth_texture.png,Non-Rigid Objects,Human Bodies,a skull,124_non_rigid_objects_human_bodies_skull.png,"A thick flowing honey texture, backlit with a soft golden glow, where the play of light and the natural curves and drips of the viscous liquid subtly form the faint, emerging silhouette of a skull.","Subtly adjust the smooth honey texture and its glowing highlights to gently form the faint outline of a skull, blending seamlessly with the existing flow."
497,High-Frequency Texture,Peeling paint on an old wooden wall.,029_high_frequency_texture.png,Non-Rigid Objects,Human Bodies,a ballet dancer,125_non_rigid_objects_human_bodies_dancer.png,"Peeling paint on an old wooden wall, where the faded, chipped layers and cracks in the wood subtly arrange themselves to evoke the delicate, fluid silhouette of a ballet dancer in mid-pose.",Subtly rearrange the peeling paint and cracks in the wood to faintly form the silhouette of a ballet dancer without adding new elements.
498,Structured Texture,Parallel lines of a radiator grille.,061_structured_texture.png,Non-Rigid Objects,Human Bodies,a ballet dancer,125_non_rigid_objects_human_bodies_dancer.png,"Parallel lines of a radiator grille, where the intricate arrangement of metal slats and subtle reflections create the faint, emergent silhouette of a ballet dancer in mid-pose, as if frozen in a graceful leap.","Modify the alignment of the radiator grille's parallel lines to subtly form the silhouette of a ballet dancer, using the existing lines and shadows to create the illusion without adding new elements."
499,Directional Texture,Sand art flowing lines.,093_directional_texture.png,Non-Rigid Objects,Human Bodies,a ballet dancer,125_non_rigid_objects_human_bodies_dancer.png,"An intricate arrangement of flowing sand art lines, where the curves and swirls of the sand subtly align to form the elegant, illusionary silhouette of a ballet dancer, their poised posture emerging from the patterns of the grains.","Bend the flowing sand lines to subtly form the silhouette of a ballet dancer, with their limbs positioned as if in mid-pose, without introducing new elements."
500,Low-Frequency Smooth Texture,Solar eclipse corona soft glow.,125_low_frequency_smooth_texture.png,Non-Rigid Objects,Human Bodies,a ballet dancer,125_non_rigid_objects_human_bodies_dancer.png,"A solar eclipse corona with a soft, glowing halo, where the delicate interplay of light and shadow around the darkened moon subtly forms the graceful, emergent silhouette of a ballet dancer in mid-pose, the soft edges of the corona suggesting flowing movement and elegance.","Subtly alter the soft glow of the solar corona, using gentle shading to suggest the faint outline of a ballet dancer in mid-pose, blending seamlessly with the light patterns."
501,High-Frequency Texture,Spider web with water droplets.,030_high_frequency_texture.png,Non-Rigid Objects,Human Bodies,a baby,126_non_rigid_objects_human_bodies_baby.png,"A delicate spider web glistening with water droplets, where the arrangement of the thin threads and the reflections subtly form the faint silhouette of a baby, emerging from the intricate pattern of the web.","Subtly rearrange the water droplets and threads of the spider web to faintly form the shape of a baby, without adding new elements."
502,Structured Texture,Stacked newspapers side view.,062_structured_texture.png,Non-Rigid Objects,Human Bodies,a baby,126_non_rigid_objects_human_bodies_baby.png,"A side view of stacked newspapers, where the subtle folds and creases in the paper, along with the interplay of light and shadow, create a soft, illusionary outline of a baby nestled within the layers.","Modify the arrangement of the newspaper stacks and their shadows to subtly suggest the shape of a baby, without adding any new elements."
503,Directional Texture,Alcohol ink fluid art.,094_directional_texture.png,Non-Rigid Objects,Human Bodies,a baby,126_non_rigid_objects_human_bodies_baby.png,"A vibrant alcohol ink fluid art composition, where the swirling colors and delicate textures subtly form the soft, illusionary outline of a baby, emerging from the abstract patterns of ink and light.","Subtly bend the flow of the ink and its directional swirls to suggest the gentle outline of a baby, without altering the overall fluid composition."
504,Low-Frequency Smooth Texture,Dense white morning fog banks.,126_low_frequency_smooth_texture.png,Non-Rigid Objects,Human Bodies,a baby,126_non_rigid_objects_human_bodies_baby.png,"A dense white morning fog bank, where the soft, swirling mists and ethereal light subtly arrange themselves to suggest the faint, emergent outline of a peaceful baby, cradled within the mist.","Subtly adjust the soft gradients and light variations within the fog to create a barely visible outline of a baby, blending seamlessly with the mist."
505,High-Frequency Texture,Dense starry sky with the Milky Way.,031_high_frequency_texture.png,Non-Rigid Objects,Human Bodies,a brain,127_non_rigid_objects_human_bodies_brain.png,"A dense starry sky with the Milky Way stretching across, where the clusters of stars and subtle variations in light and shadow gently converge to form the faint, emergent outline of a brain.",Subtly rearrange the star patterns and cosmic dust to faintly form the outline of a brain without introducing new elements.
506,Structured Texture,Metal steps of an escalator.,063_structured_texture.png,Non-Rigid Objects,Human Bodies,a brain,127_non_rigid_objects_human_bodies_brain.png,"The metallic steps of an escalator, where the arrangement of the metal grating and the subtle play of light and shadows on the surface subtly forms the outline of a brain, emerging as a subliminal illusion amidst the machinery.",Modify the alignment of the metal steps and the subtle shadows between them to subtly form the shape of a brain without introducing new elements.
507,Directional Texture,Black and white manga speed lines.,095_directional_texture.png,Non-Rigid Objects,Human Bodies,a brain,127_non_rigid_objects_human_bodies_brain.png,"A dynamic black and white manga scene filled with rapid, sweeping speed lines, where the arrangement of lines and the contrasting black-and-white patterns subtly form the faint, illusionary shape of a brain in the center.","Alter the flow of the manga speed lines to subtly bend and converge, forming the faint outline of a brain without adding any new elements."
508,Low-Frequency Smooth Texture,Wavy smooth matte silicone surface.,127_low_frequency_smooth_texture.png,Non-Rigid Objects,Human Bodies,a brain,127_non_rigid_objects_human_bodies_brain.png,"A wavy smooth matte silicone surface, where the soft undulations and subtle gradients of light and shadow create a faint, subliminal outline of a brain, emerging from the natural flow of the material.","Subtly adjust the gentle waves and contours of the silicone surface to create a faint, barely visible outline resembling the shape of a brain."
509,High-Frequency Texture,A pile of gold coins and jewelry.,032_high_frequency_texture.png,Non-Rigid Objects,Human Bodies,an anatomical heart,128_non_rigid_objects_human_bodies_heart_organ.png,"A gleaming pile of gold coins and jewelry, where the intricate arrangement of sparkling gems and overlapping metal surfaces subtly forms the faint, subliminal silhouette of an anatomical heart, with shadows and reflections enhancing its organic shape.","Subtly rearrange the gold coins and jewelry, using their reflections and shadows to faintly form the silhouette of an anatomical heart without adding new objects."
510,Structured Texture,Hexagonal honeycomb cells.,064_structured_texture.png,Non-Rigid Objects,Human Bodies,an anatomical heart,128_non_rigid_objects_human_bodies_heart_organ.png,"A close-up of hexagonal honeycomb cells, where the arrangement of the waxy structure and subtle shadows form the faint, emergent outline of an anatomical heart, created through the interplay of light and negative space.","Alter the alignment of the hexagonal honeycomb cells to subtly form the shape of an anatomical heart, blending with the existing grid pattern."
511,Directional Texture,Colorful nebula gas clouds.,096_directional_texture.png,Non-Rigid Objects,Human Bodies,an anatomical heart,128_non_rigid_objects_human_bodies_heart_organ.png,"A vibrant and colorful nebula filled with swirling gas clouds in shades of purple, blue, and pink, where the ethereal formations and delicate wisps of stardust subtly arrange themselves to suggest the faint, emergent outline of an anatomical heart.","Subtly bend and redirect the flowing nebula gas clouds and their color gradients so their natural currents faintly outline the anatomical shape of a human heart, disguised within the existing cosmic motion without adding new elements."
512,Low-Frequency Smooth Texture,Blurred city lights bokeh.,128_low_frequency_smooth_texture.png,Non-Rigid Objects,Human Bodies,an anatomical heart,128_non_rigid_objects_human_bodies_heart_organ.png,"A blurred city lights bokeh at night, where the soft circles of light and shadows subtly converge, creating a faint, emergent outline of an anatomical heart in the distance.",Subtly adjust the soft glow and transitions of the blurred city lights to create a barely visible outline that resembles the shape of an anatomical heart.